id,firstname,lastname,email,profession,country,city,countrycode,birthdate
100,Loree,Agle,Loree.Agle@yopmail.com,worker,Bhutan,Kota Kinabalu,MN,1908-12-19
101,Tressa,Argus,Tressa.Argus@yopmail.com,worker,Denmark,Banjul,US,2019-09-19
102,Wileen,Japeth,Wileen.Japeth@yopmail.com,firefighter,Greece,Rawalpindi,ZA,1912-11-29
103,Veda,Jotham,Veda.Jotham@yopmail.com,developer,Norfolk Island,Cuiabá,SA,2001-10-17
104,Lilith,Gladstone,Lilith.Gladstone@yopmail.com,doctor,Brunei Darussalam,Brussels,IE,1921-12-19
105,Joeann,Rozanna,Joeann.Rozanna@yopmail.com,firefighter,"Congo, The Democratic Republic of the",Thimphu,NA,1928-01-02
106,Cherilyn,Grosz,Cherilyn.Grosz@yopmail.com,doctor,Angola,Astana,UZ,2001-01-11
107,Zsa Zsa,Gabrielli,Zsa Zsa.Gabrielli@yopmail.com,doctor,Svalbard and Jan Mayen,Mata-Utu,TG,1934-06-16
108,Dorthy,Rubie,Dorthy.Rubie@yopmail.com,police officer,"Palestinian Territory, Occupied",Bujumbura,MG,1932-05-15
109,Jillayne,Gaynor,Jillayne.Gaynor@yopmail.com,doctor,Antigua and Barbuda,Almaty,IL,1937-11-14
110,Rosanne,Faso,Rosanne.Faso@yopmail.com,developer,Burundi,Nukuʻalofa,BR,1978-05-31
111,Gwyneth,Shaver,Gwyneth.Shaver@yopmail.com,developer,Trinidad and Tobago,Palikir,TD,1921-11-26
112,Darci,Sandye,Darci.Sandye@yopmail.com,police officer,Slovenia,Quezon City,NO,1992-07-30
113,Kayla,Zola,Kayla.Zola@yopmail.com,police officer,Bosnia and Herzegovina,Kigali,AG,2004-05-02
114,Kore,Lanita,Kore.Lanita@yopmail.com,firefighter,Djibouti,Papeete,CK,1942-07-28
115,Catharine,Ardeha,Catharine.Ardeha@yopmail.com,worker,Bulgaria,Jamestown,GW,2016-08-04
116,Gerrie,Trace,Gerrie.Trace@yopmail.com,doctor,Åland Islands,Maceió,HR,1988-11-27
117,Ebonee,Bluh,Ebonee.Bluh@yopmail.com,worker,Samoa,Darwin,WS,1996-10-27
118,Danny,Doig,Danny.Doig@yopmail.com,doctor,Belarus,Alexandria,AF,2001-09-02
119,Ann-Marie,Billye,Ann-Marie.Billye@yopmail.com,police officer,"Virgin Islands, U.S.",Málaga,MR,1947-12-28
120,Louella,Uund,Louella.Uund@yopmail.com,worker,Mongolia,Wellington,RE,2014-07-29
121,Sandie,Docilla,Sandie.Docilla@yopmail.com,firefighter,United Kingdom,Belém,CL,1926-02-18
122,Catrina,Trinetta,Catrina.Trinetta@yopmail.com,developer,"Virgin Islands, U.S.",Freetown,FO,2008-04-16
123,Randa,Nadia,Randa.Nadia@yopmail.com,doctor,Denmark,Minsk,SZ,1979-06-03
124,Jobi,Bakerman,Jobi.Bakerman@yopmail.com,developer,Wallis and Futuna,Rio Branco,FI,2013-09-29
125,Rosabelle,Rogerio,Rosabelle.Rogerio@yopmail.com,developer,"Lao People""S Democratic Republic",Malabo,IQ,1943-09-26
126,Delilah,Madaih,Delilah.Madaih@yopmail.com,police officer,Bolivia,Semarang,MY,1956-12-30
127,Betta,Goth,Betta.Goth@yopmail.com,worker,Guatemala,Budapest,PE,1973-06-22
128,Frances,Anyah,Frances.Anyah@yopmail.com,worker,Namibia,Quebec City,PT,1941-11-18
129,Dulcinea,Gaulin,Dulcinea.Gaulin@yopmail.com,worker,Greece,Fukuoka,NU,1936-06-02
130,Millie,Publia,Millie.Publia@yopmail.com,worker,Kuwait,Las Palmas de Gran Canaria,SG,2000-05-05
131,Candy,Niccolo,Candy.Niccolo@yopmail.com,doctor,Papua New Guinea,Riga,SA,1986-03-02
132,Fayre,Howlyn,Fayre.Howlyn@yopmail.com,doctor,Syrian Arab Republic,Lahore,GF,1943-03-30
133,Sharai,Sikorski,Sharai.Sikorski@yopmail.com,firefighter,Cook Islands,Graz,MN,1949-04-22
134,Kelly,Arne,Kelly.Arne@yopmail.com,worker,Saint Pierre and Miquelon,Iquique,MX,1979-06-19
135,Anestassia,Swanhildas,Anestassia.Swanhildas@yopmail.com,developer,Chad,Bulawayo,MR,1962-07-18
136,Minne,Ardeha,Minne.Ardeha@yopmail.com,firefighter,Cape Verde,Pristina,KP,1997-06-19
137,Gratia,Corilla,Gratia.Corilla@yopmail.com,doctor,British Indian Ocean Territory,Kanpur,NL,1906-08-14
138,Talya,Egbert,Talya.Egbert@yopmail.com,firefighter,Guinea-Bissau,Malang,LU,2000-03-30
139,Kore,Joseph,Kore.Joseph@yopmail.com,doctor,Cayman Islands,Pontianak,FJ,2002-03-27
140,Hyacinthe,Wind,Hyacinthe.Wind@yopmail.com,doctor,Yemen,Agartala,DJ,2008-02-13
141,Hermione,Seagraves,Hermione.Seagraves@yopmail.com,firefighter,Samoa,Beirut,DM,1960-07-11
142,Millie,Carvey,Millie.Carvey@yopmail.com,worker,Benin,Strasbourg,UY,1913-06-06
143,Esmeralda,Berl,Esmeralda.Berl@yopmail.com,worker,Kuwait,Jacksonville,GB,1997-03-08
144,Corly,Hoban,Corly.Hoban@yopmail.com,doctor,Congo,Quetzaltenango,US,1906-02-05
145,Eadie,Edmund,Eadie.Edmund@yopmail.com,firefighter,Portugal,Pristina,US,1905-11-13
146,Laure,Decato,Laure.Decato@yopmail.com,developer,Turkey,Arequipa,NU,1990-02-21
147,Karly,Helfand,Karly.Helfand@yopmail.com,firefighter,Puerto Rico,Kuwait City,JM,1925-07-02
148,Luci,Linehan,Luci.Linehan@yopmail.com,developer,Azerbaijan,Guayaquil,GP,1957-06-14
149,Alejandra,Darbie,Alejandra.Darbie@yopmail.com,firefighter,Sweden,Bangui,GT,1936-03-06
150,Linzy,Pip,Linzy.Pip@yopmail.com,worker,"Korea, Republic of",Madrid,BG,1939-07-14
151,Katharina,LaRue,Katharina.LaRue@yopmail.com,firefighter,Sierra Leone,Vientiane,SL,1972-03-03
152,Danika,Cohdwell,Danika.Cohdwell@yopmail.com,developer,Benin,Pekanbaru,MC,1991-06-10
153,Frank,Revkah,Frank.Revkah@yopmail.com,doctor,Paraguay,Hat Yai,GS,1912-11-06
154,Gale,Tannie,Gale.Tannie@yopmail.com,worker,Swaziland,Bandar Seri Begawan,PT,1919-09-17
155,Nerta,Christine,Nerta.Christine@yopmail.com,police officer,Guyana,Zamboanga City,MT,1944-10-06
156,Jaime,Abram,Jaime.Abram@yopmail.com,police officer,Slovakia,Salt Lake City,PG,1945-09-11
157,Angelique,Lesley,Angelique.Lesley@yopmail.com,firefighter,French Polynesia,Port Elizabeth,PN,1955-11-30
158,Mureil,Chem,Mureil.Chem@yopmail.com,doctor,New Caledonia,Timbuktu,BZ,1957-04-23
159,Blake,Dom,Blake.Dom@yopmail.com,worker,Gibraltar,Palikir,VA,1924-07-17
160,Celisse,Morgun,Celisse.Morgun@yopmail.com,worker,Falkland Islands (Malvinas),Linz,FR,1988-03-23
161,Nannie,Atcliffe,Nannie.Atcliffe@yopmail.com,worker,Jamaica,Sabha,FR,1953-02-18
162,Kylynn,Braun,Kylynn.Braun@yopmail.com,doctor,Niger,Malacca Town,GH,1932-02-07
163,Eve,Ashok,Eve.Ashok@yopmail.com,firefighter,Kiribati,Jacksonville,PW,1950-06-06
164,Brooks,Thad,Brooks.Thad@yopmail.com,police officer,Jamaica,Sukhumi,VI,1984-08-22
165,Collen,Kolnick,Collen.Kolnick@yopmail.com,firefighter,Jamaica,Guatemala City,MT,1956-12-12
166,Sandie,Kat,Sandie.Kat@yopmail.com,developer,Burundi,Córdoba,VG,1998-09-09
167,Almeta,Edee,Almeta.Edee@yopmail.com,worker,Cambodia,Accra,ZA,1983-08-01
168,Jinny,Olympium,Jinny.Olympium@yopmail.com,worker,Poland,Los Angeles,SO,1999-10-21
169,Elie,Stanwood,Elie.Stanwood@yopmail.com,police officer,Aruba,Handan,SD,2011-07-03
170,Kittie,Odell,Kittie.Odell@yopmail.com,police officer,Grenada,Moscow,LY,1912-01-02
171,Rani,Izaak,Rani.Izaak@yopmail.com,developer,Maldives,Mwanza,TF,1973-02-05
172,Hyacinthe,Warthman,Hyacinthe.Warthman@yopmail.com,doctor,Saint Pierre and Miquelon,Perth,IR,1929-06-17
173,Roslyn,Destinee,Roslyn.Destinee@yopmail.com,police officer,Suriname,Shenzhen,AL,1973-01-07
174,Ana,Maurine,Ana.Maurine@yopmail.com,firefighter,Lebanon,Caracas,MQ,1952-03-11
175,Drucie,Joli,Drucie.Joli@yopmail.com,doctor,Jordan,Malmö,AM,2006-03-06
176,Minne,Heidt,Minne.Heidt@yopmail.com,police officer,Iceland,Luanda,PM,1916-02-04
177,Emelina,Stav,Emelina.Stav@yopmail.com,developer,Afghanistan,Semarang,NP,1983-10-18
178,Cindelyn,Kare,Cindelyn.Kare@yopmail.com,worker,Falkland Islands (Malvinas),Kunming,IE,1938-06-06
179,Aaren,Yam,Aaren.Yam@yopmail.com,worker,Brazil,El Aaiún,NE,1972-04-26
180,Tori,Darian,Tori.Darian@yopmail.com,doctor,Mauritania,Abu Dhabi,PG,1919-07-21
181,Romona,Esmaria,Romona.Esmaria@yopmail.com,firefighter,Cuba,Tallinn,MG,1907-02-03
182,Kenna,Glovsky,Kenna.Glovsky@yopmail.com,doctor,Martinique,Aberdeen,GL,1938-01-28
183,Chickie,Havens,Chickie.Havens@yopmail.com,worker,Benin,Porto-Novo,NI,1945-08-09
184,Carolina,Ahab,Carolina.Ahab@yopmail.com,worker,Reunion,Shanghai,VU,2001-10-03
185,Roslyn,Maxi,Roslyn.Maxi@yopmail.com,police officer,Saint Helena,Enugu,LB,1999-02-15
186,Carmela,Mata,Carmela.Mata@yopmail.com,firefighter,Swaziland,Sukhumi,UY,1926-06-06
187,Olivette,Jobi,Olivette.Jobi@yopmail.com,police officer,Reunion,N'Djamena,TH,1955-02-24
188,Eolanda,Karl,Eolanda.Karl@yopmail.com,doctor,Brazil,Puebla,LS,1948-10-08
189,Shaylyn,Hirsch,Shaylyn.Hirsch@yopmail.com,doctor,Costa Rica,Fairbanks,PA,1993-02-22
190,Alia,Justinn,Alia.Justinn@yopmail.com,police officer,Guam,Raleigh,YE,1990-08-20
191,Verla,Lutero,Verla.Lutero@yopmail.com,doctor,Mali,Townsville,TG,1985-02-10
192,Delilah,Gusella,Delilah.Gusella@yopmail.com,firefighter,United Arab Emirates,Johannesburg,TR,1990-09-10
193,Reeba,Sothena,Reeba.Sothena@yopmail.com,police officer,Guinea,Sucre,AL,1934-03-15
194,Brianna,Greyson,Brianna.Greyson@yopmail.com,developer,Kuwait,Quetzaltenango,AR,1925-09-14
195,Tonia,Ammann,Tonia.Ammann@yopmail.com,developer,"Tanzania, United Republic of",Cayenne,AT,2003-11-25
196,Hayley,Bouchard,Hayley.Bouchard@yopmail.com,firefighter,Bahrain,Santiago de Cuba,SH,1994-06-07
197,Carmela,Carbo,Carmela.Carbo@yopmail.com,worker,Malta,Busan,LU,1917-05-26
198,Loree,Sheedy,Loree.Sheedy@yopmail.com,doctor,Sweden,Bangalore,AF,1994-10-16
199,Odessa,Norvol,Odessa.Norvol@yopmail.com,police officer,Malawi,Cairo,TO,2010-04-07
200,Jan,Mintz,Jan.Mintz@yopmail.com,police officer,Christmas Island,Minsk,BA,1997-06-01
201,Viki,Rona,Viki.Rona@yopmail.com,police officer,Sao Tome and Principe,Bulawayo,CI,2000-01-09
202,Allyce,Obed,Allyce.Obed@yopmail.com,developer,Hungary,Karachi,MU,1991-04-10
203,Korrie,Ingra,Korrie.Ingra@yopmail.com,worker,Guernsey,Minsk,TM,1956-06-05
204,Sheelagh,Zaslow,Sheelagh.Zaslow@yopmail.com,developer,Kenya,New Delhi,LK,1904-09-21
205,Dorice,Marijo,Dorice.Marijo@yopmail.com,doctor,Sao Tome and Principe,Omdurman,ML,1976-11-19
206,Tilly,Abbot,Tilly.Abbot@yopmail.com,firefighter,Ukraine,Mendoza,KM,1982-07-24
207,Cyndie,Adlare,Cyndie.Adlare@yopmail.com,firefighter,United States,Nagoya,WF,1937-02-14
208,Jordan,Montgomery,Jordan.Montgomery@yopmail.com,police officer,Guatemala,Malabo,BJ,2018-10-18
209,Kaia,Podvin,Kaia.Podvin@yopmail.com,developer,Mozambique,Tagbilaran,PN,2012-07-29
210,Viviene,Gwenore,Viviene.Gwenore@yopmail.com,doctor,Cameroon,Pyongyang,GU,1910-08-14
211,Linzy,Even,Linzy.Even@yopmail.com,police officer,Benin,Charlottetown,GI,2001-07-13
212,Alejandra,Iaverne,Alejandra.Iaverne@yopmail.com,developer,Lesotho,Montreal,KE,2019-02-03
213,Justinn,Matthew,Justinn.Matthew@yopmail.com,developer,Latvia,Tashkent,IR,1982-03-13
214,Nonnah,Fink,Nonnah.Fink@yopmail.com,police officer,"Congo, The Democratic Republic of the",Vitória,MA,1936-05-19
215,Clementine,Ajay,Clementine.Ajay@yopmail.com,developer,Oman,Bursa,LR,1974-05-23
216,Bernardine,Read,Bernardine.Read@yopmail.com,developer,Malaysia,Whitehorse,PM,1941-10-16
217,Cacilie,Milson,Cacilie.Milson@yopmail.com,developer,Liechtenstein,Regina,KG,1930-02-24
218,Janey,Gladstone,Janey.Gladstone@yopmail.com,developer,Egypt,Minsk,SK,1943-05-06
219,Darlleen,Bigner,Darlleen.Bigner@yopmail.com,police officer,Qatar,Mbabane,MY,2018-05-10
220,Rhea,Idelia,Rhea.Idelia@yopmail.com,developer,Estonia,Riverside,SZ,1918-07-01
221,Betta,Ackerley,Betta.Ackerley@yopmail.com,doctor,Central African Republic,Porto,RW,1960-07-21
222,Katharina,Judye,Katharina.Judye@yopmail.com,worker,Antarctica,Kolkata,MD,1901-12-16
223,Jennica,Merna,Jennica.Merna@yopmail.com,doctor,Heard Island and Mcdonald Islands,Abidjan,BG,1930-12-05
224,Eugine,Naor,Eugine.Naor@yopmail.com,worker,Cocos (Keeling) Islands,Marseille,JE,1950-01-18
225,Monika,Posner,Monika.Posner@yopmail.com,police officer,Myanmar,Sabha,LK,1979-04-07
226,Shaylyn,Gunn,Shaylyn.Gunn@yopmail.com,worker,Papua New Guinea,El Aaiún,BR,1938-11-29
227,Randa,Mintz,Randa.Mintz@yopmail.com,firefighter,Myanmar,Kanpur,IT,1971-11-06
228,Edee,Hollingsworth,Edee.Hollingsworth@yopmail.com,doctor,Lithuania,Lomé,DM,1999-06-28
229,Christal,Sasnett,Christal.Sasnett@yopmail.com,worker,Canada,Labasa,KE,1934-09-15
230,Wanda,Magdalen,Wanda.Magdalen@yopmail.com,developer,Luxembourg,Damascus,GA,1946-10-08
231,Lilith,Yerkovich,Lilith.Yerkovich@yopmail.com,police officer,Sudan,Baghdad,AT,1961-09-11
232,Lucille,Brandice,Lucille.Brandice@yopmail.com,firefighter,Russian Federation,Sana'a,SN,1988-01-01
233,Kristan,Rebecka,Kristan.Rebecka@yopmail.com,firefighter,Costa Rica,Palikir,BZ,2008-03-07
234,Cherilyn,Anestassia,Cherilyn.Anestassia@yopmail.com,developer,Gibraltar,Leeds,CG,1918-08-30
235,Meriel,Leifeste,Meriel.Leifeste@yopmail.com,firefighter,Paraguay,Khartoum,ML,1927-02-14
236,Cam,Sigfrid,Cam.Sigfrid@yopmail.com,developer,Guadeloupe,Tucson,LY,2002-11-14
237,Mara,Papageno,Mara.Papageno@yopmail.com,firefighter,"Korea, Republic of",Wonsan,ES,2017-06-11
238,Halette,Iaverne,Halette.Iaverne@yopmail.com,doctor,Tuvalu,Malmö,NE,1958-11-02
239,Rhea,Boycey,Rhea.Boycey@yopmail.com,firefighter,Afghanistan,Sofia,CS,1966-02-23
240,Monika,Percy,Monika.Percy@yopmail.com,developer,Guinea-Bissau,Hai Phong,KY,1931-01-15
241,Molli,Vilma,Molli.Vilma@yopmail.com,firefighter,Switzerland,Brisbane,VC,1998-04-21
242,Siana,Cohdwell,Siana.Cohdwell@yopmail.com,developer,Mexico,Ibadan,TO,1959-12-05
243,Alejandra,Berl,Alejandra.Berl@yopmail.com,police officer,Niue,Sofia,AD,1940-04-23
244,Elbertina,Dimitris,Elbertina.Dimitris@yopmail.com,developer,Papua New Guinea,Bangkok,HM,1942-08-19
245,Brietta,Astra,Brietta.Astra@yopmail.com,police officer,Seychelles,Wollongong,MC,1992-03-09
246,Tilly,Ball,Tilly.Ball@yopmail.com,developer,Papua New Guinea,Blantyre,GT,1978-06-28
247,Paulita,Ummersen,Paulita.Ummersen@yopmail.com,doctor,Afghanistan,Angra do Heroísmo,GM,2014-06-29
248,Jacquetta,Frendel,Jacquetta.Frendel@yopmail.com,developer,Dominica,Bridgetown,BZ,1974-03-01
249,Ezmeralda,Monk,Ezmeralda.Monk@yopmail.com,worker,South Georgia and the South Sandwich Islands,Dushanbe,ER,1942-10-28
250,Marjie,Rhu,Marjie.Rhu@yopmail.com,police officer,Kyrgyzstan,San Carlos de Bariloche,CG,1950-03-30
251,Hollie,Buttaro,Hollie.Buttaro@yopmail.com,developer,Argentina,Kingston,GT,1994-11-28
252,Cherilyn,Bonucci,Cherilyn.Bonucci@yopmail.com,firefighter,Dominica,Nukus,TH,1906-11-25
253,Tilly,Carleen,Tilly.Carleen@yopmail.com,police officer,Comoros,El Aaiún,NG,1936-04-09
254,Sharlene,Maurine,Sharlene.Maurine@yopmail.com,worker,Maldives,Kinshasa,VU,1904-10-10
255,Glenda,Carbo,Glenda.Carbo@yopmail.com,doctor,Reunion,Kawasaki,IO,2008-09-27
256,Emmey,Stover,Emmey.Stover@yopmail.com,worker,Equatorial Guinea,Nouakchott,NA,1942-08-15
257,Jaclyn,Rhu,Jaclyn.Rhu@yopmail.com,police officer,Lithuania,Marseille,GN,1951-12-25
258,Tani,Fontana,Tani.Fontana@yopmail.com,firefighter,"Moldova, Republic of",Nizhny Novgorod,BI,1927-05-15
259,Candi,Shanley,Candi.Shanley@yopmail.com,developer,United Kingdom,Amritsar,FO,1944-12-20
260,Alexine,Leifeste,Alexine.Leifeste@yopmail.com,worker,Ecuador,Tórshavn,TL,1914-04-15
261,Rebeca,Astra,Rebeca.Astra@yopmail.com,developer,Czech Republic,Port Moresby,AI,1949-12-28
262,Elyssa,Libna,Elyssa.Libna@yopmail.com,developer,Zimbabwe,Avarua,GG,1958-12-26
263,Emylee,Pauly,Emylee.Pauly@yopmail.com,worker,Grenada,Hai Phong,TF,1976-06-17
264,Bernardine,Shanley,Bernardine.Shanley@yopmail.com,doctor,Saint Pierre and Miquelon,South Tarawa,AE,1958-03-21
265,Elmira,Clywd,Elmira.Clywd@yopmail.com,doctor,Cyprus,The Valley,ML,1958-01-05
266,Nananne,Pitt,Nananne.Pitt@yopmail.com,doctor,Trinidad and Tobago,Manila,MX,1914-03-10
267,Tabbatha,Phaidra,Tabbatha.Phaidra@yopmail.com,police officer,Germany,Libreville,VE,1952-07-14
268,Carlie,Rugen,Carlie.Rugen@yopmail.com,doctor,Heard Island and Mcdonald Islands,Palma,HN,2009-06-15
269,Nataline,Dielu,Nataline.Dielu@yopmail.com,worker,Albania,Wuhan,TW,1961-04-17
270,Hyacinthe,Trace,Hyacinthe.Trace@yopmail.com,developer,Burundi,Macau,ST,1906-11-12
271,Leanna,Ehrman,Leanna.Ehrman@yopmail.com,firefighter,Falkland Islands (Malvinas),Kandahar,PH,1927-07-28
272,Lelah,Atcliffe,Lelah.Atcliffe@yopmail.com,developer,Syrian Arab Republic,Fairbanks,VI,1904-02-04
273,Lynea,Kelula,Lynea.Kelula@yopmail.com,firefighter,Tokelau,Puebla,DO,1958-02-20
274,Pierette,Fredi,Pierette.Fredi@yopmail.com,doctor,Bhutan,Budapest,EH,1908-10-12
275,Danika,Shama,Danika.Shama@yopmail.com,doctor,Dominica,Gaza,QA,1948-12-07
276,Suzette,Erich,Suzette.Erich@yopmail.com,police officer,Romania,Adelaide,CG,1910-01-21
277,Aaren,Emerson,Aaren.Emerson@yopmail.com,developer,Northern Mariana Islands,Munich,MV,2010-06-12
278,Norine,Orpah,Norine.Orpah@yopmail.com,doctor,Mongolia,Hong Kong,KY,1911-11-13
279,Lauryn,Wooster,Lauryn.Wooster@yopmail.com,firefighter,Faroe Islands,Dededo,EC,2019-01-21
280,Gretal,Martsen,Gretal.Martsen@yopmail.com,police officer,United Kingdom,Dakar,NF,1947-11-18
281,Asia,Emanuel,Asia.Emanuel@yopmail.com,developer,Finland,Chongjin,US,2004-08-26
282,Nannie,Brunell,Nannie.Brunell@yopmail.com,doctor,Mozambique,Yamoussoukro,LU,1990-08-24
283,Millie,Kesley,Millie.Kesley@yopmail.com,developer,Bolivia,Ibiza,KN,1912-12-06
284,Aryn,Dyche,Aryn.Dyche@yopmail.com,firefighter,Somalia,Kota Bharu,FM,1955-03-09
285,Reeba,Curren,Reeba.Curren@yopmail.com,doctor,Cameroon,Fort-de-France,GI,1951-08-04
286,Mariele,Genna,Mariele.Genna@yopmail.com,worker,Hong Kong,Koulikoro,VG,1979-03-31
287,Zaria,Serilda,Zaria.Serilda@yopmail.com,worker,Ecuador,Perm,LK,1923-04-23
288,Letizia,Dahlia,Letizia.Dahlia@yopmail.com,police officer,Romania,Asmara,ST,1905-02-09
289,Melina,Honoria,Melina.Honoria@yopmail.com,firefighter,"Cote D""Ivoire",Phuket (city),IE,1992-12-17
290,Johna,Ethban,Johna.Ethban@yopmail.com,worker,"Macedonia, The Former Yugoslav Republic of",Oranjestad,BZ,1969-05-21
291,Helena,Sundin,Helena.Sundin@yopmail.com,doctor,Iraq,St. Louis,GP,1911-05-06
292,Sallie,Brady,Sallie.Brady@yopmail.com,firefighter,Indonesia,Kansas City,LK,1994-09-29
293,Jacquetta,Bury,Jacquetta.Bury@yopmail.com,doctor,United Kingdom,Gaza,CL,1912-07-15
294,Cam,Lipson,Cam.Lipson@yopmail.com,doctor,French Guiana,Namangan,HM,2000-12-14
295,Hope,Natica,Hope.Natica@yopmail.com,worker,Italy,Koulikoro,CA,1957-11-17
296,Caritta,Teryn,Caritta.Teryn@yopmail.com,developer,Panama,Hanga Roa,GI,1924-08-14
297,Britni,Kevon,Britni.Kevon@yopmail.com,worker,Malaysia,Charlotte Amalie,EC,2001-03-26
298,Jere,Bibi,Jere.Bibi@yopmail.com,worker,Spain,N'Djamena,NL,1910-02-22
299,Emmey,Deny,Emmey.Deny@yopmail.com,developer,Cayman Islands,Adelaide,BJ,1913-01-08
300,Ardys,Briney,Ardys.Briney@yopmail.com,police officer,Guadeloupe,Fort-de-France,IL,1936-03-31
301,Kathy,Codding,Kathy.Codding@yopmail.com,police officer,Gabon,Malabo,TW,1919-12-25
302,Regina,Hunfredo,Regina.Hunfredo@yopmail.com,police officer,Pakistan,Mata-Utu,UM,1994-08-20
303,Clementine,Love,Clementine.Love@yopmail.com,firefighter,Congo,Ulan Bator,MY,1928-01-07
304,Jessamyn,Freddi,Jessamyn.Freddi@yopmail.com,firefighter,Pakistan,Madrid,UM,1967-05-05
305,Linet,Audly,Linet.Audly@yopmail.com,worker,Timor-Leste,Ipoh,MY,1996-01-31
306,Alia,Afton,Alia.Afton@yopmail.com,developer,Western Sahara,Petropavlovsk-Kamchatsky,BM,2000-11-01
307,Heida,Ophelia,Heida.Ophelia@yopmail.com,developer,"Taiwan, Province of China",Yamoussoukro,ZW,1929-04-22
308,Almeta,Ajay,Almeta.Ajay@yopmail.com,doctor,Cameroon,Recife,RW,1969-06-25
309,Wendi,Dalli,Wendi.Dalli@yopmail.com,police officer,Turks and Caicos Islands,Khartoum,GS,1978-03-13
310,Clo,Faro,Clo.Faro@yopmail.com,developer,Algeria,Jacksonville,FI,1968-03-07
311,Gabriellia,Shelba,Gabriellia.Shelba@yopmail.com,developer,Wallis and Futuna,Brussels,NU,1941-09-13
312,Mamie,Kathie,Mamie.Kathie@yopmail.com,police officer,Cape Verde,Changchun,UG,1921-07-05
313,Malina,Ivens,Malina.Ivens@yopmail.com,developer,United Kingdom,Abu Dhabi,FJ,1961-04-29
314,Cyndie,Simmonds,Cyndie.Simmonds@yopmail.com,firefighter,Argentina,Nanning,EE,2001-05-20
315,Rhea,Dannye,Rhea.Dannye@yopmail.com,police officer,Guatemala,Maseru,PN,1912-02-17
316,Leona,Publia,Leona.Publia@yopmail.com,worker,Antigua and Barbuda,Memphis,IE,1905-04-27
317,Ebonee,Ade,Ebonee.Ade@yopmail.com,doctor,Turks and Caicos Islands,Conakry,UA,1977-11-08
318,Caryl,Mathilde,Caryl.Mathilde@yopmail.com,doctor,Zimbabwe,Algiers,NI,1955-04-30
319,Cissiee,Granoff,Cissiee.Granoff@yopmail.com,firefighter,Niger,Manchester,JP,1951-10-30
320,Arlena,Melleta,Arlena.Melleta@yopmail.com,worker,Slovenia,Davao City,GA,1980-05-03
321,Aubrie,Strephon,Aubrie.Strephon@yopmail.com,doctor,Thailand,Dalian,GM,1937-05-15
322,Jorry,Codding,Jorry.Codding@yopmail.com,worker,French Polynesia,N'Djamena,SI,1970-04-08
323,Marti,Mich,Marti.Mich@yopmail.com,worker,Afghanistan,Porto Velho,AE,2000-10-30
324,Janis,Lia,Janis.Lia@yopmail.com,firefighter,Cape Verde,Fortaleza,HN,1909-02-20
325,Wileen,Howlyn,Wileen.Howlyn@yopmail.com,firefighter,Burkina Faso,Yaoundé,SC,1973-07-26
326,Gretal,Naashom,Gretal.Naashom@yopmail.com,doctor,Croatia,Udon Thani,MX,1915-02-27
327,Moyna,Hamil,Moyna.Hamil@yopmail.com,developer,Turkey,Chihuahua,BN,1910-05-13
328,Vinita,Shuler,Vinita.Shuler@yopmail.com,doctor,"Palestinian Territory, Occupied",San Diego,LB,1933-09-03
329,Teriann,Alva,Teriann.Alva@yopmail.com,police officer,Swaziland,Bulawayo,LB,1900-12-28
330,Adelle,Thema,Adelle.Thema@yopmail.com,police officer,Lesotho,Montevideo,YE,1984-11-28
331,Tonia,Clywd,Tonia.Clywd@yopmail.com,doctor,Madagascar,Baku,CL,1993-11-08
332,Antonietta,Ochs,Antonietta.Ochs@yopmail.com,doctor,Zambia,Dongguan,TG,2005-10-15
333,Hayley,Weitman,Hayley.Weitman@yopmail.com,developer,Turkey,Banjul,IE,1986-07-23
334,Merci,Septima,Merci.Septima@yopmail.com,doctor,Algeria,Edmonton,TT,1921-05-30
335,Roz,Magnolia,Roz.Magnolia@yopmail.com,developer,Canada,Konya,IL,1921-04-01
336,Kirstin,Maxi,Kirstin.Maxi@yopmail.com,firefighter,Niger,Rabi Island,MY,1986-09-25
337,Ethel,Ogren,Ethel.Ogren@yopmail.com,firefighter,Niue,Curitiba,BS,1990-07-01
338,Doralynne,Hathaway,Doralynne.Hathaway@yopmail.com,firefighter,Aruba,Makassar,BG,1925-12-09
339,Nannie,Waldron,Nannie.Waldron@yopmail.com,police officer,Falkland Islands (Malvinas),Kabul,HT,1970-12-23
340,Rosaline,Lay,Rosaline.Lay@yopmail.com,doctor,South Georgia and the South Sandwich Islands,Cartagena,GB,1991-07-07
341,Cathie,Wiener,Cathie.Wiener@yopmail.com,firefighter,Portugal,Tallinn,YT,1999-03-29
342,Cecile,Lucienne,Cecile.Lucienne@yopmail.com,doctor,Mauritania,Santiago,GR,1956-09-04
343,Lelah,Rosette,Lelah.Rosette@yopmail.com,worker,Mozambique,Saskatoon,PS,1996-04-07
344,Theodora,Amethist,Theodora.Amethist@yopmail.com,firefighter,Nicaragua,Medan,YE,1919-05-19
345,Carmela,Edvard,Carmela.Edvard@yopmail.com,police officer,Comoros,Hiroshima,NE,1954-11-16
346,Kayla,Elsinore,Kayla.Elsinore@yopmail.com,firefighter,Papua New Guinea,Livingstone,SI,1909-04-02
347,Verla,O'Carroll,Verla.O'Carroll@yopmail.com,worker,Tonga,Lubumbashi,GY,2003-05-26
348,Alie,Dorcy,Alie.Dorcy@yopmail.com,firefighter,Saint Kitts and Nevis,Busan,TJ,1976-09-03
349,Jaime,Giff,Jaime.Giff@yopmail.com,police officer,American Samoa,Kano,SC,1940-06-25
350,Brynna,Zina,Brynna.Zina@yopmail.com,developer,Jamaica,Malabo,GU,1908-05-12
351,Ardenia,Parette,Ardenia.Parette@yopmail.com,police officer,Turks and Caicos Islands,Tashkent,JE,1993-03-13
352,Verla,Burch,Verla.Burch@yopmail.com,firefighter,Pitcairn,Dresden,VC,1983-10-21
353,Konstance,Guildroy,Konstance.Guildroy@yopmail.com,police officer,Morocco,Ciudad del Este,PY,1997-09-18
354,Heida,Zuzana,Heida.Zuzana@yopmail.com,doctor,"Korea, Republic of",Gangtok,BD,2011-11-09
355,Glynnis,Cressida,Glynnis.Cressida@yopmail.com,police officer,Bahrain,Miri,BO,1921-04-19
356,Mireielle,Jaylene,Mireielle.Jaylene@yopmail.com,doctor,Switzerland,Alexandria,YT,1933-11-24
357,Kittie,Hurley,Kittie.Hurley@yopmail.com,police officer,China,Sofia,NE,1957-11-01
358,Dorothy,Smitt,Dorothy.Smitt@yopmail.com,worker,Costa Rica,Mecca,VG,1999-05-08
359,Kathi,Presber,Kathi.Presber@yopmail.com,doctor,Cambodia,Innsbruck,PS,1977-03-06
360,Cam,Chapland,Cam.Chapland@yopmail.com,police officer,Suriname,Winnipeg,IE,2008-08-08
361,Ardeen,Saint,Ardeen.Saint@yopmail.com,police officer,Bolivia,Adamstown,GY,1994-03-02
362,Orelia,Brandice,Orelia.Brandice@yopmail.com,firefighter,Egypt,Ouagadougou,AD,1943-03-28
363,Ellette,Iphlgenia,Ellette.Iphlgenia@yopmail.com,firefighter,Maldives,Atlanta,CC,2015-04-29
364,Kimberley,Naor,Kimberley.Naor@yopmail.com,doctor,Afghanistan,Gaza,NI,1979-01-09
365,Edee,McCutcheon,Edee.McCutcheon@yopmail.com,doctor,Spain,Marrakech,VI,1988-03-07
366,Wileen,Herrera,Wileen.Herrera@yopmail.com,firefighter,Marshall Islands,Alofi,TR,1956-12-12
367,Clarice,Knowling,Clarice.Knowling@yopmail.com,doctor,Mozambique,Denver,TF,1989-02-05
368,Brandise,Vary,Brandise.Vary@yopmail.com,developer,Anguilla,Chicago,SN,1943-08-14
369,Florie,Ries,Florie.Ries@yopmail.com,developer,Denmark,Kraków,SV,1936-11-23
370,Georgetta,Schalles,Georgetta.Schalles@yopmail.com,police officer,Swaziland,Ponta Delgada,MA,1959-01-25
371,Codie,Emmy,Codie.Emmy@yopmail.com,police officer,Djibouti,Hai Phong,ZM,1994-01-20
372,Shannah,Curren,Shannah.Curren@yopmail.com,doctor,Benin,Rio Branco,TT,1907-08-21
373,Rhoda,Lea,Rhoda.Lea@yopmail.com,worker,Vanuatu,Ambon,UM,1911-05-05
374,Molli,Genna,Molli.Genna@yopmail.com,doctor,Russian Federation,Campinas,NU,1901-04-17
375,Susan,Creamer,Susan.Creamer@yopmail.com,developer,Sao Tome and Principe,Alexandria,GE,1953-01-24
376,Vita,Sherfield,Vita.Sherfield@yopmail.com,firefighter,Montserrat,Kolkata,CU,2004-01-09
377,Tabbatha,Faro,Tabbatha.Faro@yopmail.com,police officer,Niger,Jersey City,DO,1931-06-03
378,Rayna,Standing,Rayna.Standing@yopmail.com,developer,"Congo, The Democratic Republic of the",Lima,ER,1936-06-14
379,Margalo,Jess,Margalo.Jess@yopmail.com,firefighter,Anguilla,Kabul,CM,2006-06-02
380,Mamie,Astra,Mamie.Astra@yopmail.com,firefighter,Spain,Veracruz,GH,1912-12-23
381,Amalie,Jenness,Amalie.Jenness@yopmail.com,police officer,Mali,Quito,BF,2005-10-19
382,Kenna,Pacorro,Kenna.Pacorro@yopmail.com,doctor,Uzbekistan,Porto Alegre,UM,1971-10-14
383,Oona,Bryna,Oona.Bryna@yopmail.com,police officer,Czech Republic,Tegucigalpa,KN,1941-12-16
384,Wilma,Niles,Wilma.Niles@yopmail.com,doctor,Croatia,Tehran,SM,1938-05-10
385,Brandise,Palocz,Brandise.Palocz@yopmail.com,police officer,Cambodia,Malmö,PE,1949-11-13
386,Stephanie,Kronfeld,Stephanie.Kronfeld@yopmail.com,doctor,"Cote D""Ivoire",Cebu City,ST,1902-06-19
387,Tori,Maiah,Tori.Maiah@yopmail.com,developer,Kyrgyzstan,Agartala,UZ,1956-07-24
388,Shauna,Durante,Shauna.Durante@yopmail.com,developer,Norfolk Island,Sucre,MU,1917-02-04
389,Reeba,Brotherson,Reeba.Brotherson@yopmail.com,worker,French Southern Territories,Gaziantep,SH,1925-08-15
390,Andeee,Fennessy,Andeee.Fennessy@yopmail.com,police officer,China,Khartoum,LI,2007-11-12
391,Teriann,Reidar,Teriann.Reidar@yopmail.com,worker,Comoros,Las Palmas de Gran Canaria,MW,1949-07-18
392,Janeczka,Yorick,Janeczka.Yorick@yopmail.com,worker,Poland,Montreal,UM,1906-05-20
393,Myrtice,Hillel,Myrtice.Hillel@yopmail.com,worker,Grenada,Kingstown,LC,1911-07-13
394,Tersina,Giule,Tersina.Giule@yopmail.com,developer,Lithuania,Pattaya,PT,1970-08-15
395,Ellette,Docilla,Ellette.Docilla@yopmail.com,police officer,Papua New Guinea,Stuttgart,TG,1906-01-24
396,Sophia,Othilia,Sophia.Othilia@yopmail.com,police officer,British Indian Ocean Territory,Mersin,BW,2003-06-21
397,Taffy,Warthman,Taffy.Warthman@yopmail.com,developer,Christmas Island,South Tarawa,PF,1914-03-14
398,Celestyna,Viddah,Celestyna.Viddah@yopmail.com,developer,El Salvador,Hargeisa,AG,1924-02-28
399,Nita,Kravits,Nita.Kravits@yopmail.com,worker,Antigua and Barbuda,Lanzhou,BT,1996-08-28
400,Susette,Plato,Susette.Plato@yopmail.com,developer,Niue,Omdurman,SZ,1955-06-18
401,Randa,Velick,Randa.Velick@yopmail.com,police officer,Afghanistan,Lagos,MQ,1995-06-08
402,Hollie,Magdalen,Hollie.Magdalen@yopmail.com,doctor,Eritrea,Kaesong,CX,1991-04-01
403,Donnie,Ricki,Donnie.Ricki@yopmail.com,firefighter,Belize,Aberdeen,BH,2008-03-17
404,Donnie,Naor,Donnie.Naor@yopmail.com,doctor,RWANDA,Havana,TK,1937-07-12
405,Celisse,O'Carroll,Celisse.O'Carroll@yopmail.com,firefighter,Turkey,Washington,EH,1961-10-24
406,Heida,Aaberg,Heida.Aaberg@yopmail.com,developer,Aruba,Wuhan,DM,2011-11-03
407,Giustina,Sandye,Giustina.Sandye@yopmail.com,firefighter,Ecuador,Naples,RU,1922-10-25
408,Tracey,Carmena,Tracey.Carmena@yopmail.com,firefighter,Malawi,Chongjin,LB,1990-09-01
409,Neila,Holbrook,Neila.Holbrook@yopmail.com,developer,Guyana,Sri Jayawardenapura-Kotte,PY,1958-09-09
410,Angela,Ingra,Angela.Ingra@yopmail.com,worker,Libyan Arab Jamahiriya,Basra,BH,1962-10-28
411,Nessie,Faria,Nessie.Faria@yopmail.com,developer,Germany,Paramaribo,HR,1923-12-04
412,Leeanne,Hoenack,Leeanne.Hoenack@yopmail.com,firefighter,South Africa,Montreal,BT,1939-02-27
413,Molli,Eliathas,Molli.Eliathas@yopmail.com,developer,Trinidad and Tobago,Arequipa,MO,1989-05-03
414,Cordi,Alarise,Cordi.Alarise@yopmail.com,police officer,Zimbabwe,Bangalore,MP,1999-03-14
415,Zia,Carlson,Zia.Carlson@yopmail.com,doctor,Cocos (Keeling) Islands,Kathmandu,CM,1958-08-10
416,Miquela,Taima,Miquela.Taima@yopmail.com,firefighter,Qatar,Kyoto,AN,1956-05-04
417,Mara,Trey,Mara.Trey@yopmail.com,worker,Afghanistan,New York City,PN,1960-07-22
418,Emylee,Raffo,Emylee.Raffo@yopmail.com,developer,Cape Verde,Sapporo,UA,1907-02-25
419,Theodora,Donoghue,Theodora.Donoghue@yopmail.com,developer,Austria,Thessaloniki,MY,1965-06-28
420,Kristina,Hieronymus,Kristina.Hieronymus@yopmail.com,doctor,Antigua and Barbuda,Recife,JO,2013-03-29
421,Emilia,Kirstin,Emilia.Kirstin@yopmail.com,firefighter,Antarctica,Hagåtña,AS,1997-03-22
422,Lynde,Mauer,Lynde.Mauer@yopmail.com,doctor,"Micronesia, Federated States of",Oklahoma City,MR,1973-09-11
423,Liana,Isacco,Liana.Isacco@yopmail.com,worker,Dominica,Tripoli,CM,1987-08-20
424,Elyssa,McLaughlin,Elyssa.McLaughlin@yopmail.com,doctor,Isle of Man,Longyearbyen,MX,1904-08-15
425,Emylee,Cath,Emylee.Cath@yopmail.com,police officer,Anguilla,Stockholm,MQ,1990-09-17
426,Xylina,Maribeth,Xylina.Maribeth@yopmail.com,developer,Russian Federation,Bloemfontein,JO,1969-04-22
427,Sonni,Belanger,Sonni.Belanger@yopmail.com,worker,"Taiwan, Province of China",Vientiane,CS,1967-02-25
428,Veda,Wind,Veda.Wind@yopmail.com,doctor,Bouvet Island,Düsseldorf,KH,1966-12-08
429,Margette,Seessel,Margette.Seessel@yopmail.com,doctor,Dominican Republic,Strasbourg,AL,2019-08-15
430,Dagmar,Francene,Dagmar.Francene@yopmail.com,police officer,"Tanzania, United Republic of",Nukus,CG,2007-09-06
431,Stacey,Eliathas,Stacey.Eliathas@yopmail.com,worker,AndorrA,Belize City,US,1920-11-06
432,Gloria,LaRue,Gloria.LaRue@yopmail.com,police officer,Western Sahara,Batticaloa,GH,1988-09-03
433,Ruthe,Sekofski,Ruthe.Sekofski@yopmail.com,firefighter,China,Detroit,AG,1922-10-15
434,Dianemarie,Schwejda,Dianemarie.Schwejda@yopmail.com,worker,Saint Helena,Valdivia,PS,1994-11-04
435,Aurelie,Joseph,Aurelie.Joseph@yopmail.com,firefighter,Burkina Faso,Bahía Blanca,TZ,1996-02-06
436,Alleen,Kinnard,Alleen.Kinnard@yopmail.com,firefighter,Russian Federation,Nashville,KG,2001-04-19
437,Cindelyn,Hutchison,Cindelyn.Hutchison@yopmail.com,doctor,Pitcairn,Belmopan,BM,1919-04-11
438,Annaliese,Evvie,Annaliese.Evvie@yopmail.com,firefighter,Myanmar,Macapá,BS,1939-01-05
439,Deloria,Faust,Deloria.Faust@yopmail.com,doctor,Germany,Phuket (city),TW,2017-01-27
440,Elvira,Nelsen,Elvira.Nelsen@yopmail.com,firefighter,Saint Pierre and Miquelon,Daegu,BR,1911-09-14
441,Antonietta,Chick,Antonietta.Chick@yopmail.com,firefighter,"Moldova, Republic of",Birmingham,ES,1966-06-04
442,Althea,Robertson,Althea.Robertson@yopmail.com,developer,Portugal,Indianapolis,BJ,1905-01-22
443,Jenda,Wadell,Jenda.Wadell@yopmail.com,police officer,Estonia,Omsk,NP,1966-05-28
444,Iseabal,Schalles,Iseabal.Schalles@yopmail.com,worker,Serbia and Montenegro,Málaga,KE,1997-11-19
445,Romona,Lacombe,Romona.Lacombe@yopmail.com,police officer,Belgium,Jamestown,GB,1976-09-23
446,Roxane,Raychel,Roxane.Raychel@yopmail.com,doctor,French Southern Territories,Mamoudzou,NC,1987-11-15
447,Wilma,Damarra,Wilma.Damarra@yopmail.com,doctor,Reunion,Milwaukee,LT,1914-09-26
448,Winny,Miru,Winny.Miru@yopmail.com,police officer,Argentina,Buffalo,VA,1938-11-04
449,Sarette,Markman,Sarette.Markman@yopmail.com,police officer,Belarus,Santo Domingo,FO,1901-06-09
450,Carmela,Berne,Carmela.Berne@yopmail.com,doctor,South Africa,Francistown,AW,1916-04-26
451,Lulita,Korey,Lulita.Korey@yopmail.com,police officer,United Kingdom,Tampere,PN,1992-01-22
452,Chloris,Septima,Chloris.Septima@yopmail.com,worker,American Samoa,Liverpool,GW,1971-04-24
453,Nariko,Drus,Nariko.Drus@yopmail.com,developer,Cambodia,Port Blair,PN,1989-06-20
454,Di,Roscoe,Di.Roscoe@yopmail.com,police officer,Argentina,Dar es Salaam,LY,1965-09-02
455,Kristina,Vanni,Kristina.Vanni@yopmail.com,firefighter,Malaysia,Miri,CS,1985-09-30
456,Annaliese,Emanuel,Annaliese.Emanuel@yopmail.com,police officer,Lesotho,Nanjing,AI,1968-10-01
457,Sashenka,Fax,Sashenka.Fax@yopmail.com,doctor,Chad,Livingstone,HM,2018-12-11
458,Nadine,Rosette,Nadine.Rosette@yopmail.com,developer,Tonga,Auckland,UZ,1937-12-20
459,Kristan,Barbey,Kristan.Barbey@yopmail.com,developer,Zimbabwe,Mecca,GT,2015-01-06
460,Jordan,Edmund,Jordan.Edmund@yopmail.com,developer,Lesotho,Hangzhou,PM,2002-01-20
461,Chloris,Fulmer,Chloris.Fulmer@yopmail.com,worker,Jamaica,Timbuktu,AR,1948-07-09
462,Cacilie,Fontana,Cacilie.Fontana@yopmail.com,firefighter,Reunion,Port Said,KP,1913-01-31
463,Ketti,LaRue,Ketti.LaRue@yopmail.com,firefighter,Saint Kitts and Nevis,Pelotas,SJ,1973-07-19
464,Louella,Madelene,Louella.Madelene@yopmail.com,worker,Czech Republic,Whitehorse,US,1965-08-11
465,Caressa,Rebecka,Caressa.Rebecka@yopmail.com,police officer,Cameroon,Patna,ML,1958-05-10
466,Dede,Delila,Dede.Delila@yopmail.com,police officer,Syrian Arab Republic,St. John's,LU,1927-09-25
467,Basia,Wu,Basia.Wu@yopmail.com,worker,Bouvet Island,Mandurah,ER,1952-06-28
468,Jenda,Ricki,Jenda.Ricki@yopmail.com,police officer,Comoros,Bandung,SY,1927-04-21
469,Nataline,Bivins,Nataline.Bivins@yopmail.com,firefighter,Congo,Montreal,CH,1980-05-16
470,Ricky,Ochs,Ricky.Ochs@yopmail.com,doctor,Burundi,Mérida,RO,1929-12-17
471,Steffane,Maisey,Steffane.Maisey@yopmail.com,developer,Nigeria,El Paso,AG,1942-11-08
472,Renie,Thunell,Renie.Thunell@yopmail.com,firefighter,El Salvador,St. George's,LR,1959-07-22
473,Sissy,Whiffen,Sissy.Whiffen@yopmail.com,police officer,Guadeloupe,Hanga Roa,JE,1902-06-24
474,Aaren,Zenas,Aaren.Zenas@yopmail.com,firefighter,Kyrgyzstan,Shenzhen,OM,1949-01-22
475,Iseabal,Rogerio,Iseabal.Rogerio@yopmail.com,police officer,Luxembourg,Yokohama,GN,1968-04-12
476,Nananne,Gerge,Nananne.Gerge@yopmail.com,police officer,"Palestinian Territory, Occupied",San Antonio,CS,1993-07-16
477,Suzette,Burnside,Suzette.Burnside@yopmail.com,worker,Germany,Faisalabad,AX,1933-08-19
478,Fanny,Chobot,Fanny.Chobot@yopmail.com,developer,Bulgaria,Quetzaltenango,VN,1992-08-17
479,Fredericka,Kinnard,Fredericka.Kinnard@yopmail.com,developer,Japan,Rochester,EE,1956-06-22
480,Lila,Kirstin,Lila.Kirstin@yopmail.com,police officer,Eritrea,Belize City,NP,1975-12-04
481,Ardeen,Means,Ardeen.Means@yopmail.com,police officer,Iraq,Honolulu,GF,1928-01-26
482,Miquela,Madaih,Miquela.Madaih@yopmail.com,police officer,Viet Nam,Porto Velho,CV,1944-03-02
483,Mariann,Seligman,Mariann.Seligman@yopmail.com,worker,United States,Makati City,IE,1982-05-10
484,Minda,Gordon,Minda.Gordon@yopmail.com,doctor,Cuba,Greenwich,BD,1990-07-19
485,Kylynn,Therine,Kylynn.Therine@yopmail.com,doctor,Iraq,Baku,SZ,1990-06-22
486,Damaris,Tound,Damaris.Tound@yopmail.com,developer,"Macedonia, The Former Yugoslav Republic of",Douglas,GP,1965-08-16
487,Bernardine,Sheedy,Bernardine.Sheedy@yopmail.com,firefighter,Kiribati,Nukulaelae,SK,1936-05-12
488,Glenda,Sasnett,Glenda.Sasnett@yopmail.com,police officer,Zambia,Basse-Terre,GR,1932-02-11
489,Leontine,Natica,Leontine.Natica@yopmail.com,developer,Latvia,Bogor,AX,1930-02-17
490,Sallie,Woodberry,Sallie.Woodberry@yopmail.com,developer,"Micronesia, Federated States of",Batticaloa,IT,1960-02-18
491,Myrtice,Karna,Myrtice.Karna@yopmail.com,developer,Spain,Port Moresby,BV,1939-02-12
492,Gilligan,Santoro,Gilligan.Santoro@yopmail.com,developer,South Africa,Gaziantep,NC,1943-09-22
493,Renae,Dash,Renae.Dash@yopmail.com,worker,United States Minor Outlying Islands,Mérida,KW,1911-04-04
494,Antonietta,Carmena,Antonietta.Carmena@yopmail.com,police officer,Belize,Campo Grande,ZA,1916-09-15
495,Estell,Hewitt,Estell.Hewitt@yopmail.com,doctor,Holy See (Vatican City State),Mérida,MM,1975-06-21
496,Tiffie,Vilma,Tiffie.Vilma@yopmail.com,police officer,Tokelau,Damascus,GQ,1980-02-13
497,Bill,Dominy,Bill.Dominy@yopmail.com,police officer,Grenada,Wuhan,HR,1959-07-22
498,Chere,Amasa,Chere.Amasa@yopmail.com,worker,Ghana,Dubai,GS,1978-11-18
499,Tatiania,Ivens,Tatiania.Ivens@yopmail.com,police officer,Bouvet Island,Agartala,LS,1952-09-12
500,Fredericka,Bibi,Fredericka.Bibi@yopmail.com,doctor,Mongolia,Kinshasa,CG,1935-08-26
501,Nollie,Rooney,Nollie.Rooney@yopmail.com,firefighter,Christmas Island,Medan,JP,1941-08-23
502,Benita,Knowling,Benita.Knowling@yopmail.com,developer,Åland Islands,Angra do Heroísmo,NU,1951-11-01
503,Phedra,Raychel,Phedra.Raychel@yopmail.com,developer,Malawi,Fortaleza,NO,1940-09-16
504,Rori,Bates,Rori.Bates@yopmail.com,developer,Yemen,Maseru,AG,2014-06-27
505,Lynde,Garek,Lynde.Garek@yopmail.com,worker,Honduras,Pekanbaru,SD,1928-09-01
506,Tiffie,Giff,Tiffie.Giff@yopmail.com,developer,Saint Lucia,Abu Dhabi,NU,1992-09-23
507,Althea,Helfand,Althea.Helfand@yopmail.com,developer,South Georgia and the South Sandwich Islands,Naypyidaw,SR,2006-12-01
508,Christal,Stuart,Christal.Stuart@yopmail.com,police officer,Vanuatu,Bratsk,TF,2004-07-06
509,Etta,Sallyann,Etta.Sallyann@yopmail.com,doctor,Romania,Damascus,JO,1981-04-16
510,Asia,Shaver,Asia.Shaver@yopmail.com,developer,Romania,Jamestown,KP,1926-09-10
511,Aili,Ackerley,Aili.Ackerley@yopmail.com,firefighter,Mozambique,Enugu,GU,1942-09-14
512,Katuscha,Isacco,Katuscha.Isacco@yopmail.com,firefighter,Bahrain,Bridgetown,AZ,1945-08-30
513,Stacey,Wiener,Stacey.Wiener@yopmail.com,worker,Hong Kong,Hat Yai,SH,1924-11-21
514,Dale,Candy,Dale.Candy@yopmail.com,worker,Albania,Quezon City,CA,1970-08-11
515,Alia,Cordi,Alia.Cordi@yopmail.com,firefighter,"Cote D""Ivoire",Tabriz,PR,1987-10-21
516,Tiffie,Imelida,Tiffie.Imelida@yopmail.com,firefighter,Lithuania,Dhaka,LY,1977-08-15
517,June,Stefa,June.Stefa@yopmail.com,worker,Ecuador,Hargeisa,TV,1998-12-05
518,Riannon,Cleavland,Riannon.Cleavland@yopmail.com,firefighter,Finland,Kuching,BT,1939-11-28
519,Rozele,Juan,Rozele.Juan@yopmail.com,police officer,Mozambique,Malacca Town,MY,2000-04-11
520,Cyb,Greyson,Cyb.Greyson@yopmail.com,firefighter,United Kingdom,Vienna,SY,1947-12-24
521,Clo,Sasnett,Clo.Sasnett@yopmail.com,police officer,Romania,Barranquilla,GP,1941-12-12
522,Deirdre,Markman,Deirdre.Markman@yopmail.com,worker,Antarctica,Tripoli,CU,1980-03-31
523,Iseabal,O'Neill,Iseabal.O'Neill@yopmail.com,developer,Bosnia and Herzegovina,Macau,PW,1984-12-09
524,Fanchon,Helfand,Fanchon.Helfand@yopmail.com,worker,Mexico,Las Vegas,PH,2008-12-12
525,Tiffie,Nerita,Tiffie.Nerita@yopmail.com,police officer,Oman,Baltimore,MV,1981-05-08
526,Vanessa,Christine,Vanessa.Christine@yopmail.com,firefighter,Peru,Tartu,NI,1962-11-13
527,Myriam,Felecia,Myriam.Felecia@yopmail.com,developer,South Georgia and the South Sandwich Islands,Kabul,AT,1962-05-14
528,Celene,Weide,Celene.Weide@yopmail.com,firefighter,"Korea, Republic of",Kandahar,PA,1918-03-03
529,Jacenta,Callista,Jacenta.Callista@yopmail.com,police officer,Kenya,Porto Velho,EG,2004-09-16
530,Beatriz,Joni,Beatriz.Joni@yopmail.com,firefighter,Turkey,Apia,NZ,1939-08-15
531,Annice,Connelly,Annice.Connelly@yopmail.com,police officer,Belize,Medina,TD,2004-07-09
532,Gianina,Sabella,Gianina.Sabella@yopmail.com,developer,Mozambique,Manzini,KN,2001-03-12
533,Alex,Buttaro,Alex.Buttaro@yopmail.com,firefighter,Paraguay,Zapopan,KZ,1987-09-05
534,Ardys,Borrell,Ardys.Borrell@yopmail.com,firefighter,Canada,Tel Aviv,TV,1972-09-21
535,Bettine,Eno,Bettine.Eno@yopmail.com,developer,Nicaragua,Las Palmas de Gran Canaria,CK,1988-10-16
536,Brandise,Wenoa,Brandise.Wenoa@yopmail.com,developer,Greenland,Tianjin,SG,1911-02-18
537,Millie,Nedrud,Millie.Nedrud@yopmail.com,developer,Timor-Leste,Paris,MG,1968-01-08
538,Karina,Romelda,Karina.Romelda@yopmail.com,developer,San Marino,Lhasa,UM,2019-02-26
539,Belinda,Sekofski,Belinda.Sekofski@yopmail.com,worker,"Tanzania, United Republic of",Beirut,PE,2014-09-29
540,Vanessa,Mata,Vanessa.Mata@yopmail.com,firefighter,Poland,Islamabad,NG,1909-12-19
541,Katuscha,Wooster,Katuscha.Wooster@yopmail.com,developer,United States,Saint Petersburg,LA,1997-08-11
542,Ana,My,Ana.My@yopmail.com,police officer,United Arab Emirates,Manila,LY,1984-07-20
543,Lolita,Stephie,Lolita.Stephie@yopmail.com,worker,Swaziland,San Salvador,FR,1938-04-20
544,Danika,Ahab,Danika.Ahab@yopmail.com,firefighter,Poland,Livingstone,JP,1921-02-18
545,Bibby,Lissi,Bibby.Lissi@yopmail.com,firefighter,Ghana,Tamale,ST,1990-11-12
546,Alex,Naashom,Alex.Naashom@yopmail.com,firefighter,Solomon Islands,Addis Ababa,MT,1927-10-08
547,Sharai,Ephrem,Sharai.Ephrem@yopmail.com,police officer,United States,Kandy,AG,2019-05-17
548,Grier,Wiener,Grier.Wiener@yopmail.com,police officer,Zimbabwe,Livingstone,GW,2011-09-09
549,Zaria,Iiette,Zaria.Iiette@yopmail.com,doctor,Norfolk Island,Pontianak,FR,1963-08-20
550,Fanchon,Lauraine,Fanchon.Lauraine@yopmail.com,developer,Barbados,Bandar Seri Begawan,CG,1951-01-11
551,Atlanta,Roche,Atlanta.Roche@yopmail.com,doctor,Netherlands,New Delhi,GD,1965-10-04
552,Aigneis,Thunell,Aigneis.Thunell@yopmail.com,police officer,Saudi Arabia,Handan,SR,2007-03-16
553,Jinny,Jorgan,Jinny.Jorgan@yopmail.com,firefighter,"Moldova, Republic of",Cali,ZM,1948-09-07
554,Blinni,Haldas,Blinni.Haldas@yopmail.com,police officer,Qatar,Rabi Island,AS,1982-09-12
555,Henriette,Koziara,Henriette.Koziara@yopmail.com,developer,Mayotte,Barcelona,AM,1978-10-22
556,Ana,Dosia,Ana.Dosia@yopmail.com,police officer,Panama,Monaco,CX,1929-07-14
557,Lynde,Grimbly,Lynde.Grimbly@yopmail.com,firefighter,Norfolk Island,Bissau,IO,2017-03-27
558,Alia,Kaja,Alia.Kaja@yopmail.com,worker,United Kingdom,Papeete,MX,1969-02-14
559,Brena,Emmy,Brena.Emmy@yopmail.com,doctor,Sri Lanka,Los Angeles,VA,1945-07-13
560,Malina,Llovera,Malina.Llovera@yopmail.com,firefighter,Samoa,Hilo,MZ,1904-02-08
561,Monika,Ethban,Monika.Ethban@yopmail.com,police officer,Burkina Faso,Amman,BO,1901-03-19
562,Gianina,Agle,Gianina.Agle@yopmail.com,developer,Albania,Malacca Town,GM,1975-06-06
563,Merci,Evangelia,Merci.Evangelia@yopmail.com,worker,United Arab Emirates,Nanning,PE,1936-12-17
564,Chloris,Kazimir,Chloris.Kazimir@yopmail.com,developer,Senegal,Mwanza,BY,2015-04-12
565,Evita,Bow,Evita.Bow@yopmail.com,developer,Papua New Guinea,Kuala Lumpur,MP,1905-03-18
566,Barbi,Linehan,Barbi.Linehan@yopmail.com,developer,Saint Pierre and Miquelon,Bloemfontein,LV,1974-01-16
567,Sharai,Rocray,Sharai.Rocray@yopmail.com,developer,Tokelau,Hamburg,JO,1923-05-26
568,Edith,Kimmie,Edith.Kimmie@yopmail.com,police officer,Ecuador,Udon Thani,UG,1909-02-08
569,Flory,Screens,Flory.Screens@yopmail.com,developer,Venezuela,Hat Yai,FI,1926-02-22
570,Leontine,Richers,Leontine.Richers@yopmail.com,police officer,Djibouti,Dongguan,EH,1961-03-14
571,Clary,Shaver,Clary.Shaver@yopmail.com,worker,Reunion,Kota Kinabalu,UY,1966-04-26
572,Marnia,Shaddock,Marnia.Shaddock@yopmail.com,worker,Colombia,Cockburn Town,PY,1900-01-20
573,Gwyneth,Wattenberg,Gwyneth.Wattenberg@yopmail.com,firefighter,United Kingdom,Asunción,HK,1905-12-01
574,Paule,Terencio,Paule.Terencio@yopmail.com,police officer,Netherlands Antilles,San Juan,CS,1937-03-31
575,Johna,Stevy,Johna.Stevy@yopmail.com,worker,Saint Lucia,Milwaukee,CA,1940-11-14
576,Christal,Read,Christal.Read@yopmail.com,developer,Sierra Leone,Omsk,SN,1905-07-05
577,Sharai,Sigfrid,Sharai.Sigfrid@yopmail.com,police officer,Fiji,Hanoi,ID,1959-08-11
578,Gilligan,Gaal,Gilligan.Gaal@yopmail.com,developer,Gambia,Kinshasa,KW,1904-08-30
579,Maisey,Belldas,Maisey.Belldas@yopmail.com,developer,Fiji,Tripoli,FJ,2013-07-07
580,Farrah,Cottle,Farrah.Cottle@yopmail.com,police officer,Austria,Saint John,ZM,1944-08-03
581,Rhoda,Gaal,Rhoda.Gaal@yopmail.com,developer,Azerbaijan,The Hague,VU,1992-05-08
582,Tobe,Rustice,Tobe.Rustice@yopmail.com,worker,French Polynesia,Mata-Utu,MW,1984-11-13
583,Letizia,Cleo,Letizia.Cleo@yopmail.com,firefighter,Syrian Arab Republic,Dili,AE,1965-11-19
584,Kittie,Himelman,Kittie.Himelman@yopmail.com,firefighter,Benin,Port Elizabeth,MV,1993-08-08
585,Jessy,Eiser,Jessy.Eiser@yopmail.com,police officer,United Kingdom,Ljubljana,KG,1969-04-21
586,Cherrita,Martguerita,Cherrita.Martguerita@yopmail.com,police officer,French Polynesia,Malacca Town,BB,2011-01-26
587,Queenie,Vittoria,Queenie.Vittoria@yopmail.com,firefighter,Central African Republic,Cebu City,TH,1990-03-08
588,Harrietta,Rhu,Harrietta.Rhu@yopmail.com,firefighter,Netherlands Antilles,Mexico City,MR,2001-07-24
589,Arlina,Cohdwell,Arlina.Cohdwell@yopmail.com,doctor,Somalia,Norilsk,KG,1945-06-06
590,Shaylyn,Rustice,Shaylyn.Rustice@yopmail.com,worker,Brazil,Funafuti,BE,1900-02-21
591,Vanessa,McNully,Vanessa.McNully@yopmail.com,police officer,France,Birmingham,PY,1970-04-02
592,Dyann,Brieta,Dyann.Brieta@yopmail.com,firefighter,Slovenia,Samara,SG,1970-07-28
593,Caritta,Alva,Caritta.Alva@yopmail.com,firefighter,"Virgin Islands, British",Roseau,NF,1989-03-30
594,Cristine,Aprile,Cristine.Aprile@yopmail.com,doctor,Slovenia,Nantes,ID,1913-12-05
595,Angelique,Alabaster,Angelique.Alabaster@yopmail.com,developer,Macao,Padang,GM,1958-04-14
596,Beatriz,Merna,Beatriz.Merna@yopmail.com,developer,Honduras,Tartu,RU,1992-12-14
597,Riannon,Lymann,Riannon.Lymann@yopmail.com,worker,Macao,Forked River,YE,1918-05-22
598,Tressa,Baptlsta,Tressa.Baptlsta@yopmail.com,firefighter,"Palestinian Territory, Occupied",Ilhéus,BR,2004-04-26
599,Winny,Haerr,Winny.Haerr@yopmail.com,doctor,Costa Rica,Boston,SL,1955-07-04
600,Helena,Arley,Helena.Arley@yopmail.com,developer,Ukraine,Dunedin,TT,1953-03-06
601,Vanessa,Rhu,Vanessa.Rhu@yopmail.com,police officer,Equatorial Guinea,Bursa,GL,1974-02-23
602,Ardeen,Blisse,Ardeen.Blisse@yopmail.com,firefighter,Comoros,Lima,AI,1933-04-13
603,Jemie,Chobot,Jemie.Chobot@yopmail.com,police officer,"Tanzania, United Republic of",Las Vegas,BI,1946-09-20
604,Phylis,Bergman,Phylis.Bergman@yopmail.com,firefighter,Kazakhstan,Las Palmas de Gran Canaria,VU,1964-07-14
605,Binny,Matthew,Binny.Matthew@yopmail.com,police officer,Gibraltar,Malacca Town,GN,1982-12-05
606,Viki,Henebry,Viki.Henebry@yopmail.com,worker,Iceland,Calgary,CZ,1931-11-07
607,Addia,Rossner,Addia.Rossner@yopmail.com,worker,Viet Nam,Auckland,TF,1985-11-11
608,Marcy,Serilda,Marcy.Serilda@yopmail.com,firefighter,Afghanistan,Graz,BB,1990-11-01
609,Carmencita,Waite,Carmencita.Waite@yopmail.com,worker,Falkland Islands (Malvinas),Guayaquil,LI,1957-03-09
610,Alia,Sothena,Alia.Sothena@yopmail.com,firefighter,Guinea,Paris,RW,2018-09-16
611,Kellen,Swanhildas,Kellen.Swanhildas@yopmail.com,developer,Cambodia,Santa Cruz de la Sierra,BT,1970-02-04
612,Mireielle,Frendel,Mireielle.Frendel@yopmail.com,police officer,Gabon,Wellington,AF,1926-12-05
613,Codie,Wind,Codie.Wind@yopmail.com,doctor,Slovakia,Chişinău,EH,1983-05-24
614,Kirstin,Angelis,Kirstin.Angelis@yopmail.com,police officer,Serbia and Montenegro,The Hague,UM,1905-01-17
615,Linet,Lea,Linet.Lea@yopmail.com,police officer,Saint Vincent and the Grenadines,Phnom Penh,NE,1966-03-06
616,Stevana,Amand,Stevana.Amand@yopmail.com,police officer,Liechtenstein,Harbin,NA,2016-05-14
617,Jerry,Alabaster,Jerry.Alabaster@yopmail.com,firefighter,Liechtenstein,Nukus,TL,2016-06-04
618,Lexine,Zuzana,Lexine.Zuzana@yopmail.com,police officer,Angola,Rochester,AQ,1902-09-17
619,Libbie,Bryna,Libbie.Bryna@yopmail.com,firefighter,Cuba,Nakhon Ratchasima,WF,1930-08-13
620,Catrina,Baylor,Catrina.Baylor@yopmail.com,doctor,Armenia,Road Town,MW,1955-06-07
621,Fanny,Gibbeon,Fanny.Gibbeon@yopmail.com,doctor,Oman,Calama,MM,1934-10-06
622,Ayn,Marcellus,Ayn.Marcellus@yopmail.com,developer,Chile,La Serena,GH,1953-12-19
623,Madeleine,Federica,Madeleine.Federica@yopmail.com,firefighter,Tajikistan,Jakarta,AQ,1960-12-12
624,Xylina,Emmaline,Xylina.Emmaline@yopmail.com,developer,Sierra Leone,Adamstown,BM,1953-08-06
625,Lacie,Stevy,Lacie.Stevy@yopmail.com,firefighter,Slovakia,Porto Alegre,JM,1971-04-05
626,Ethel,Medrek,Ethel.Medrek@yopmail.com,developer,Guernsey,Havana,LB,1975-05-19
627,Sibella,Maiah,Sibella.Maiah@yopmail.com,developer,Bangladesh,Tirana,IE,1944-12-15
628,Suzette,Christal,Suzette.Christal@yopmail.com,developer,Tuvalu,Dakar,NL,1940-01-01
629,Asia,Even,Asia.Even@yopmail.com,developer,Mexico,Lhasa,ST,1929-02-16
630,Annora,Bethany,Annora.Bethany@yopmail.com,worker,Philippines,Okinawa,GL,1929-10-13
631,Gwyneth,Wenoa,Gwyneth.Wenoa@yopmail.com,worker,Jamaica,Madrid,TF,1930-09-26
632,Adele,Brieta,Adele.Brieta@yopmail.com,developer,Gibraltar,Bujumbura,NU,1959-10-20
633,Beatriz,Wilkinson,Beatriz.Wilkinson@yopmail.com,developer,Japan,Concepción,KM,2013-12-05
634,Alie,Oster,Alie.Oster@yopmail.com,police officer,Pitcairn,Milan,AT,1984-05-16
635,Margarette,Bashemeth,Margarette.Bashemeth@yopmail.com,doctor,Sao Tome and Principe,Hilo,KW,1983-05-10
636,Tami,Hartnett,Tami.Hartnett@yopmail.com,worker,Afghanistan,Tartu,GU,1963-08-15
637,Gavrielle,Edee,Gavrielle.Edee@yopmail.com,worker,Lithuania,Calama,BN,2016-09-09
638,Melisent,Wittie,Melisent.Wittie@yopmail.com,doctor,Northern Mariana Islands,Medellín,IR,1929-12-08
639,Cam,Dimitris,Cam.Dimitris@yopmail.com,developer,Guadeloupe,Banda Aceh,TZ,2004-10-19
640,Margette,Swigart,Margette.Swigart@yopmail.com,police officer,Cook Islands,Hyderabad,UY,1943-11-07
641,Ricky,Quinn,Ricky.Quinn@yopmail.com,worker,Costa Rica,Astana,ES,1953-05-18
642,Cordi,Gert,Cordi.Gert@yopmail.com,developer,Norfolk Island,Cannes,FR,1987-10-06
643,Merry,Gualtiero,Merry.Gualtiero@yopmail.com,developer,Pakistan,Chişinău,GF,1978-03-07
644,Grier,Kylander,Grier.Kylander@yopmail.com,doctor,Finland,Guayaquil,TN,1904-06-02
645,Phedra,Whiffen,Phedra.Whiffen@yopmail.com,doctor,Peru,Kawasaki,CL,1900-09-04
646,Tina,Horan,Tina.Horan@yopmail.com,police officer,Samoa,Amman,NI,1909-11-09
647,Bill,Afton,Bill.Afton@yopmail.com,developer,Papua New Guinea,Memphis,GN,1937-03-30
648,Camile,Docilla,Camile.Docilla@yopmail.com,police officer,Belize,Dodoma,HU,1997-05-16
649,Mamie,Alva,Mamie.Alva@yopmail.com,firefighter,Indonesia,Cartagena,MY,2005-03-13
650,Lisette,Travax,Lisette.Travax@yopmail.com,firefighter,Nauru,Shijiazhuang,BG,1949-02-07
651,Elie,Horan,Elie.Horan@yopmail.com,doctor,Iceland,Santo Domingo,MQ,1943-10-24
652,Stacey,Velick,Stacey.Velick@yopmail.com,developer,Christmas Island,Basse-Terre,GB,2014-10-10
653,Kara-Lynn,Gillan,Kara-Lynn.Gillan@yopmail.com,developer,Guinea,Kunming,UA,1950-11-21
654,Elbertina,Gale,Elbertina.Gale@yopmail.com,doctor,Cape Verde,Phoenix,PN,1945-04-17
655,Jorry,Giule,Jorry.Giule@yopmail.com,police officer,Bouvet Island,South Tarawa,CO,2005-07-03
656,Jerry,McClimans,Jerry.McClimans@yopmail.com,firefighter,Paraguay,San Fernando,BG,1938-02-25
657,Merci,Friede,Merci.Friede@yopmail.com,developer,Finland,Malacca Town,CS,1982-05-03
658,Nollie,Leffen,Nollie.Leffen@yopmail.com,firefighter,Cape Verde,Linz,BA,1982-05-09
659,Meriel,Marisa,Meriel.Marisa@yopmail.com,police officer,Anguilla,San Antonio,TD,2009-10-02
660,Lizzie,Myrilla,Lizzie.Myrilla@yopmail.com,police officer,Spain,Kingston,GL,1915-07-17
661,Beth,Ruvolo,Beth.Ruvolo@yopmail.com,police officer,Namibia,Houston,VE,1911-08-29
662,Jolyn,Damarra,Jolyn.Damarra@yopmail.com,doctor,Reunion,Oklahoma City,AG,1928-06-07
663,Cissiee,Leonard,Cissiee.Leonard@yopmail.com,developer,"Taiwan, Province of China",Daegu,BB,1973-11-17
664,Teriann,Medrek,Teriann.Medrek@yopmail.com,police officer,Saudi Arabia,Salzburg,TT,1935-07-12
665,Siana,Radu,Siana.Radu@yopmail.com,worker,New Caledonia,Kandahar,SL,1972-09-21
666,Lucille,Leopold,Lucille.Leopold@yopmail.com,developer,Iceland,São Paulo,DE,1952-03-24
667,Joleen,Ciapas,Joleen.Ciapas@yopmail.com,doctor,Armenia,St. Louis,FJ,1931-03-21
668,Alleen,Dash,Alleen.Dash@yopmail.com,developer,Eritrea,Cusco,GN,1994-01-01
669,Celestyna,Janith,Celestyna.Janith@yopmail.com,doctor,Sudan,Pretoria,AG,1991-11-20
670,Justinn,Sabella,Justinn.Sabella@yopmail.com,doctor,Anguilla,Athens,ET,2019-12-25
671,Eve,Pozzy,Eve.Pozzy@yopmail.com,worker,Turkmenistan,Melekeok,IE,1978-12-02
672,Ira,Maxi,Ira.Maxi@yopmail.com,police officer,Northern Mariana Islands,Tórshavn,NE,1959-11-06
673,Camile,Serilda,Camile.Serilda@yopmail.com,developer,Chile,Tokyo,DE,1995-02-12
674,Lenna,Woodberry,Lenna.Woodberry@yopmail.com,firefighter,Viet Nam,Iquitos,CI,1992-04-19
675,Vanessa,Ovid,Vanessa.Ovid@yopmail.com,developer,Gabon,San Carlos de Bariloche,KH,2002-09-07
676,Rubie,Reinke,Rubie.Reinke@yopmail.com,police officer,Argentina,Skopje,EH,2019-09-17
677,Gale,Ardra,Gale.Ardra@yopmail.com,worker,Martinique,Cartagena,BE,2001-10-05
678,Judy,Breed,Judy.Breed@yopmail.com,doctor,Kyrgyzstan,Weno,PF,1930-07-14
679,Mignon,Cadmar,Mignon.Cadmar@yopmail.com,developer,Nauru,Veracruz,TL,1915-10-18
680,Deane,Pettiford,Deane.Pettiford@yopmail.com,firefighter,AndorrA,Tripoli,CZ,1929-11-11
681,Audrie,Lorenz,Audrie.Lorenz@yopmail.com,developer,China,Munich,DO,1974-03-09
682,Mireielle,Birdella,Mireielle.Birdella@yopmail.com,developer,Somalia,Hamburg,BO,1936-11-14
683,Oona,Eliathas,Oona.Eliathas@yopmail.com,police officer,Burkina Faso,London,SI,1961-05-28
684,Dulce,Terrence,Dulce.Terrence@yopmail.com,firefighter,Nicaragua,Pattaya,AF,1948-05-04
685,Maud,Donoghue,Maud.Donoghue@yopmail.com,firefighter,Liberia,Doha,ZA,1917-01-01
686,Barbi,Friede,Barbi.Friede@yopmail.com,worker,Swaziland,Malabo,AT,1942-12-11
687,Sheree,Aprile,Sheree.Aprile@yopmail.com,police officer,Guam,Tijuana,SC,2015-05-03
688,Ericka,Carlson,Ericka.Carlson@yopmail.com,police officer,South Africa,Kaliningrad,AQ,1928-04-01
689,Doralynne,Genna,Doralynne.Genna@yopmail.com,police officer,"Iran, Islamic Republic Of",Punta Arenas,NA,1909-08-09
690,Sindee,Vanni,Sindee.Vanni@yopmail.com,police officer,Chad,Dublin,MG,1961-05-17
691,Vivia,Hollingsworth,Vivia.Hollingsworth@yopmail.com,worker,China,Mashhad,OM,2010-09-08
692,Netty,Bultman,Netty.Bultman@yopmail.com,doctor,Wallis and Futuna,Saint Petersburg,KW,1970-01-04
693,Ada,Morehouse,Ada.Morehouse@yopmail.com,firefighter,Niue,Jacksonville,AW,1949-01-21
694,Quintina,Fink,Quintina.Fink@yopmail.com,developer,Greenland,Oklahoma City,NE,1910-12-23
695,Luci,Mandler,Luci.Mandler@yopmail.com,worker,Uzbekistan,Kuala Lumpur,GR,1932-04-13
696,Tatiania,Blase,Tatiania.Blase@yopmail.com,police officer,Sao Tome and Principe,Medina,KR,1946-08-22
697,Doro,Greyson,Doro.Greyson@yopmail.com,worker,United Kingdom,Jeddah,BH,1995-08-06
698,Rosanne,Japeth,Rosanne.Japeth@yopmail.com,doctor,Trinidad and Tobago,Port-au-Prince,NL,1965-04-04
699,Jolyn,Pillsbury,Jolyn.Pillsbury@yopmail.com,police officer,Jordan,Caracas,AO,2015-04-21
700,Micheline,Libna,Micheline.Libna@yopmail.com,worker,"Tanzania, United Republic of",Kingstown,MU,1918-04-21
701,Bibby,Seagraves,Bibby.Seagraves@yopmail.com,worker,Uzbekistan,City of San Marino,KI,1939-07-05
702,Ericka,Longfellow,Ericka.Longfellow@yopmail.com,police officer,Guinea-Bissau,City of Halifax,SI,1944-04-30
703,Dode,Phyllis,Dode.Phyllis@yopmail.com,doctor,Poland,Taiyuan,LY,1927-02-13
704,Fanchon,Colleen,Fanchon.Colleen@yopmail.com,worker,Uruguay,Baltimore,LK,1973-03-25
705,Krystle,Bow,Krystle.Bow@yopmail.com,doctor,Turkmenistan,San Fernando,CA,1994-02-28
706,Eve,Andrel,Eve.Andrel@yopmail.com,police officer,Lithuania,Lobamba,LR,1923-07-22
707,Jan,Frendel,Jan.Frendel@yopmail.com,worker,"Cote D""Ivoire",Tel Aviv,VG,1914-05-24
708,Dagmar,An,Dagmar.An@yopmail.com,police officer,Guadeloupe,Louisville,NF,1944-08-06
709,Winifred,Dudley,Winifred.Dudley@yopmail.com,worker,Sweden,Peshawar,LA,2008-05-04
710,Ricky,Lenny,Ricky.Lenny@yopmail.com,doctor,Saint Kitts and Nevis,St. Louis,MR,2002-12-01
711,Deedee,Monaco,Deedee.Monaco@yopmail.com,developer,Antigua and Barbuda,Adana,AX,1918-01-09
712,Kristan,Arne,Kristan.Arne@yopmail.com,developer,Kiribati,Bishkek,BD,1986-09-02
713,Lolita,Cath,Lolita.Cath@yopmail.com,firefighter,New Zealand,Minsk,BM,1963-01-30
714,Christy,Peti,Christy.Peti@yopmail.com,doctor,Mayotte,Dhaka,CX,1985-10-14
715,Celisse,Aaberg,Celisse.Aaberg@yopmail.com,developer,El Salvador,Nouméa,PF,1972-05-21
716,Kalina,Bouchard,Kalina.Bouchard@yopmail.com,police officer,New Zealand,Makati City,BD,1990-01-23
717,Maridel,Gregrory,Maridel.Gregrory@yopmail.com,developer,"Macedonia, The Former Yugoslav Republic of",George Town,PK,1964-12-14
718,Gaylene,Vary,Gaylene.Vary@yopmail.com,worker,Nepal,Accra,PR,1937-11-23
719,Joy,Moina,Joy.Moina@yopmail.com,developer,Togo,Aberdeen,CS,1915-12-11
720,Konstance,Bartlett,Konstance.Bartlett@yopmail.com,firefighter,Anguilla,Edmonton,MQ,1982-01-11
721,Brooks,Neils,Brooks.Neils@yopmail.com,police officer,Malta,Perth,LK,1950-11-02
722,Melisent,August,Melisent.August@yopmail.com,firefighter,Ireland,Nantes,CC,1957-02-03
723,Daune,Gerge,Daune.Gerge@yopmail.com,worker,Chad,Cairns,AL,1976-05-04
724,Paulita,Aaberg,Paulita.Aaberg@yopmail.com,worker,Australia,Weno,PN,2018-10-11
725,Sallie,Jacobah,Sallie.Jacobah@yopmail.com,doctor,Saint Helena,Santa Cruz de Tenerife,TH,1907-12-21
726,Quintina,Ivens,Quintina.Ivens@yopmail.com,worker,Western Sahara,Manaus,BS,2003-04-21
727,Hyacinthe,Swanhildas,Hyacinthe.Swanhildas@yopmail.com,police officer,Portugal,Tehran,EG,1984-09-10
728,Xylina,Mike,Xylina.Mike@yopmail.com,police officer,Western Sahara,Istanbul,GG,1978-08-26
729,Adore,Anselmi,Adore.Anselmi@yopmail.com,worker,Iraq,Baku,DK,2002-01-20
730,Claresta,Wittie,Claresta.Wittie@yopmail.com,doctor,Nauru,Jerusalem,CC,1970-08-18
731,Carree,Ezar,Carree.Ezar@yopmail.com,worker,Chad,Sri Jayawardenapura-Kotte,GD,1916-05-10
732,Sonni,Sallyann,Sonni.Sallyann@yopmail.com,developer,Guyana,Luanda,PE,1964-05-02
733,Genovera,Creamer,Genovera.Creamer@yopmail.com,police officer,Åland Islands,Espoo,NZ,1917-02-15
734,Adore,Woodberry,Adore.Woodberry@yopmail.com,firefighter,Monaco,Praia,ER,1907-12-28
735,Lauryn,Gualtiero,Lauryn.Gualtiero@yopmail.com,worker,Maldives,Ciudad del Este,SK,1910-10-16
736,Perry,Avi,Perry.Avi@yopmail.com,police officer,United States,Pretoria,AM,1934-02-20
737,Barbara,Auberbach,Barbara.Auberbach@yopmail.com,worker,Mexico,Nukuʻalofa,AE,1996-12-27
738,Fanny,Fink,Fanny.Fink@yopmail.com,firefighter,Kazakhstan,Phuket (city),CX,1968-03-19
739,Dawn,Talia,Dawn.Talia@yopmail.com,doctor,Pakistan,Jayapura,FI,1916-02-10
740,Jolyn,Boycey,Jolyn.Boycey@yopmail.com,worker,Grenada,Porto-Novo,NI,1940-02-12
741,Wileen,Cavan,Wileen.Cavan@yopmail.com,worker,Turkey,Gangtok,MZ,1965-05-06
742,Collen,Lorenz,Collen.Lorenz@yopmail.com,police officer,Malta,Bern,RW,1918-07-07
743,Lacie,Burch,Lacie.Burch@yopmail.com,worker,United States,Qingdao,LC,1900-05-31
744,Linet,Durware,Linet.Durware@yopmail.com,police officer,Egypt,Banda Aceh,MN,1904-10-04
745,Catharine,Chick,Catharine.Chick@yopmail.com,developer,Zimbabwe,Wichita,AO,1903-05-28
746,Nikki,Melleta,Nikki.Melleta@yopmail.com,doctor,Seychelles,Philadelphia,KN,1995-11-01
747,Ursulina,Iiette,Ursulina.Iiette@yopmail.com,doctor,Belize,Greenwich,AQ,1944-10-17
748,Katuscha,Payson,Katuscha.Payson@yopmail.com,doctor,Pakistan,Lucknow,MW,2014-09-30
749,Agnese,Westphal,Agnese.Westphal@yopmail.com,police officer,"Lao People""S Democratic Republic",Handan,ST,1976-07-18
750,Dari,Old,Dari.Old@yopmail.com,police officer,Benin,Lilongwe,YT,1918-03-31
751,Johna,Holtz,Johna.Holtz@yopmail.com,police officer,Mayotte,Sana'a,MK,1968-09-21
752,Fernande,Vharat,Fernande.Vharat@yopmail.com,doctor,Antigua and Barbuda,Astana,GL,1987-11-14
753,Verla,Stelle,Verla.Stelle@yopmail.com,doctor,RWANDA,Kuching,BT,1937-08-08
754,Camile,Si,Camile.Si@yopmail.com,developer,New Caledonia,Kyoto,ER,1966-06-27
755,Georgetta,Maiah,Georgetta.Maiah@yopmail.com,doctor,China,Kota Kinabalu,AQ,1954-05-12
756,Janey,Papageno,Janey.Papageno@yopmail.com,doctor,Finland,San José,GH,1900-03-22
757,Kittie,Zamora,Kittie.Zamora@yopmail.com,developer,Timor-Leste,Naypyidaw,BD,1983-09-26
758,Ginnie,Maurine,Ginnie.Maurine@yopmail.com,worker,Mauritania,Hai Phong,ZA,2007-12-01
759,Chrystel,Atonsah,Chrystel.Atonsah@yopmail.com,firefighter,Romania,Luxembourg (city),IQ,1903-04-07
760,Ottilie,Olin,Ottilie.Olin@yopmail.com,worker,Cook Islands,Auckland,FJ,1910-02-24
761,Cordi,Azeria,Cordi.Azeria@yopmail.com,doctor,Bulgaria,Muscat,VA,1924-12-15
762,Talya,Germann,Talya.Germann@yopmail.com,doctor,Netherlands Antilles,Perth,SR,1924-10-02
763,Beverley,Linskey,Beverley.Linskey@yopmail.com,police officer,Gambia,Moroni,EE,1965-01-09
764,Catharine,Manolo,Catharine.Manolo@yopmail.com,doctor,Finland,Balikpapan,TH,1994-02-17
765,Lisette,Rhu,Lisette.Rhu@yopmail.com,developer,Germany,Rawalpindi,GH,1905-06-10
766,Lizzie,Joachim,Lizzie.Joachim@yopmail.com,doctor,Mali,Kaliningrad,KI,1999-02-16
767,Roxane,Orelee,Roxane.Orelee@yopmail.com,doctor,Haiti,Tartu,AE,1928-04-30
768,Keelia,Corabella,Keelia.Corabella@yopmail.com,police officer,Italy,Honolulu,NE,1915-07-02
769,Caryl,Dielu,Caryl.Dielu@yopmail.com,police officer,Fiji,Dunedin,CH,1938-12-08
770,Chrystel,McLaughlin,Chrystel.McLaughlin@yopmail.com,doctor,Gabon,Kuala Lumpur,JE,1980-08-30
771,Julieta,Jenness,Julieta.Jenness@yopmail.com,doctor,"Lao People""S Democratic Republic",Praia,AE,1930-08-11
772,Mariele,Constancy,Mariele.Constancy@yopmail.com,developer,"Korea, Republic of",Casablanca,GR,1913-10-03
773,Esmeralda,Rocray,Esmeralda.Rocray@yopmail.com,developer,Lesotho,Chaguanas,CC,1962-06-12
774,Correy,Cimbura,Correy.Cimbura@yopmail.com,police officer,Fiji,Andorra la Vella,IN,1981-07-17
775,Tabbatha,Tound,Tabbatha.Tound@yopmail.com,firefighter,French Southern Territories,Stuttgart,LA,1974-08-22
776,Rozele,Seligman,Rozele.Seligman@yopmail.com,police officer,Sri Lanka,Dongguan,KR,1904-11-09
777,Tina,Ochs,Tina.Ochs@yopmail.com,police officer,Argentina,Mbabane,CR,1948-07-06
778,Kittie,Poll,Kittie.Poll@yopmail.com,doctor,Ethiopia,Porto-Novo,DE,1965-11-09
779,Collen,Nelsen,Collen.Nelsen@yopmail.com,firefighter,"Macedonia, The Former Yugoslav Republic of",Seville,CI,2000-05-29
780,Renae,Hunfredo,Renae.Hunfredo@yopmail.com,police officer,Sudan,Koulikoro,AO,1994-09-26
781,Wilma,Zina,Wilma.Zina@yopmail.com,doctor,Argentina,Guwahati,UG,1909-06-30
782,Dorthy,Rooney,Dorthy.Rooney@yopmail.com,police officer,Dominica,St. Louis,BM,1946-03-31
783,Emelina,Lorenz,Emelina.Lorenz@yopmail.com,worker,"Cote D""Ivoire",Hamilton,AW,1902-02-09
784,Rebeca,Keily,Rebeca.Keily@yopmail.com,firefighter,Oman,Cartagena,MM,2002-06-03
785,Debee,Ariella,Debee.Ariella@yopmail.com,doctor,Cameroon,Mogadishu,VE,1983-04-02
786,Karina,Macey,Karina.Macey@yopmail.com,police officer,"Virgin Islands, British",Djibouti (city),HR,1919-04-23
787,Ayn,Zamora,Ayn.Zamora@yopmail.com,doctor,Zimbabwe,Chihuahua,BV,1960-05-08
788,Verla,Bevin,Verla.Bevin@yopmail.com,developer,Aruba,Bangui,BH,2013-04-09
789,Siana,Ledah,Siana.Ledah@yopmail.com,doctor,Netherlands Antilles,Bilbao,CY,1954-11-02
790,Elie,Nadia,Elie.Nadia@yopmail.com,worker,Tajikistan,Incheon,VE,1916-05-10
791,Nerta,Rustice,Nerta.Rustice@yopmail.com,doctor,Pitcairn,Edmonton,SL,1966-11-17
792,Debee,Denis,Debee.Denis@yopmail.com,police officer,South Georgia and the South Sandwich Islands,Malé,AI,1974-09-08
793,Ernesta,Latini,Ernesta.Latini@yopmail.com,doctor,Equatorial Guinea,Nairobi,LU,1988-08-16
794,Latisha,Lail,Latisha.Lail@yopmail.com,developer,Svalbard and Jan Mayen,Nouakchott,SC,1988-03-13
795,Carilyn,Vivle,Carilyn.Vivle@yopmail.com,firefighter,Pitcairn,Naypyidaw,BF,1972-01-25
796,Allis,Mauer,Allis.Mauer@yopmail.com,developer,Morocco,Córdoba,TW,1904-03-02
797,Viviene,Tamar,Viviene.Tamar@yopmail.com,doctor,"Taiwan, Province of China",Mashhad,KH,1976-12-28
798,Deane,Ball,Deane.Ball@yopmail.com,firefighter,"Virgin Islands, U.S.",Chicago,GG,1978-12-31
799,Sybille,Ochs,Sybille.Ochs@yopmail.com,firefighter,New Zealand,Reykjavík,AO,1962-03-08
800,Clementine,McNully,Clementine.McNully@yopmail.com,firefighter,Madagascar,Hagåtña,EG,1945-12-30
801,Susette,Dorine,Susette.Dorine@yopmail.com,doctor,Saint Vincent and the Grenadines,Faisalabad,BM,1915-01-19
802,Vanessa,Carvey,Vanessa.Carvey@yopmail.com,police officer,Togo,Lyon,SV,1973-06-30
803,Leona,Terrence,Leona.Terrence@yopmail.com,firefighter,Monaco,Naples,BF,1900-04-01
804,Tilly,Lamoree,Tilly.Lamoree@yopmail.com,developer,Albania,Guadalajara,MZ,1987-10-24
805,Loree,Nedrud,Loree.Nedrud@yopmail.com,worker,"Moldova, Republic of",San Antonio,KH,1910-04-27
806,Mureil,Firmin,Mureil.Firmin@yopmail.com,firefighter,Peru,Port Vila,EC,2012-05-06
807,Jennica,Emanuel,Jennica.Emanuel@yopmail.com,firefighter,Pakistan,Montevideo,AF,1944-07-10
808,Dione,Lemuela,Dione.Lemuela@yopmail.com,developer,"Congo, The Democratic Republic of the",Macapá,ST,1959-05-08
809,Esmeralda,Daveta,Esmeralda.Daveta@yopmail.com,police officer,Australia,Batticaloa,AE,1904-04-28
810,Nataline,Chinua,Nataline.Chinua@yopmail.com,doctor,Israel,Glasgow,PA,1937-01-24
811,Collen,Darbie,Collen.Darbie@yopmail.com,worker,Wallis and Futuna,Bandung,CS,1979-06-24
812,Andeee,Barbey,Andeee.Barbey@yopmail.com,police officer,Jersey,Balikpapan,FM,1927-09-27
813,Ivett,Rebecka,Ivett.Rebecka@yopmail.com,firefighter,Monaco,Sukhumi,ZA,2017-04-08
814,Christy,Juliet,Christy.Juliet@yopmail.com,police officer,Niue,Guayaquil,KN,2008-06-29
815,Andeee,Donell,Andeee.Donell@yopmail.com,doctor,Poland,Auckland,GD,1989-06-26
816,Arabel,Hurley,Arabel.Hurley@yopmail.com,worker,Spain,Ambon,BI,2008-11-16
817,Margette,Nicoline,Margette.Nicoline@yopmail.com,firefighter,Sweden,Livingstone,BJ,1937-09-21
818,Monika,Baptlsta,Monika.Baptlsta@yopmail.com,police officer,Argentina,Nouméa,NL,2005-07-10
819,Jennica,Taam,Jennica.Taam@yopmail.com,firefighter,Netherlands Antilles,Kuala Lumpur,AS,1911-12-30
820,Tori,Anton,Tori.Anton@yopmail.com,firefighter,Ghana,Indianapolis,JM,1950-06-16
821,Ivett,Kirbee,Ivett.Kirbee@yopmail.com,worker,Yemen,Port Moresby,AX,1989-10-11
822,Gabriellia,Ries,Gabriellia.Ries@yopmail.com,worker,Sudan,Huế,SA,1926-07-25
823,Dagmar,Brunell,Dagmar.Brunell@yopmail.com,developer,Chile,Malacca Town,TH,1935-03-07
824,Andeee,Lauraine,Andeee.Lauraine@yopmail.com,police officer,Bangladesh,Kota Bharu,GU,1991-12-04
825,Courtnay,Ruvolo,Courtnay.Ruvolo@yopmail.com,worker,Kyrgyzstan,Bandar Seri Begawan,BI,1925-08-08
826,Theodora,Ledah,Theodora.Ledah@yopmail.com,doctor,Sri Lanka,Busan,RU,1913-11-22
827,Leia,Leffen,Leia.Leffen@yopmail.com,police officer,New Zealand,Huế,BS,1978-06-26
828,Calla,Amadas,Calla.Amadas@yopmail.com,developer,Nigeria,Valparaíso,AM,1935-11-02
829,Misha,Christine,Misha.Christine@yopmail.com,firefighter,Philippines,Mersin,UG,1980-04-27
830,Jennica,Modie,Jennica.Modie@yopmail.com,developer,Anguilla,Yellowknife,CD,1943-03-26
831,Daphne,Brunell,Daphne.Brunell@yopmail.com,worker,Madagascar,Zamboanga City,IL,2019-07-11
832,Josephine,Mintz,Josephine.Mintz@yopmail.com,worker,Lesotho,Malang,AL,1914-09-14
833,Elora,Sancho,Elora.Sancho@yopmail.com,police officer,Bouvet Island,Incheon,KH,1966-03-20
834,Glynnis,Bouchard,Glynnis.Bouchard@yopmail.com,developer,Bahamas,Thiès,MX,1917-03-24
835,Devina,Wind,Devina.Wind@yopmail.com,developer,Norfolk Island,Cayenne,MN,1917-12-21
836,Joy,Suk,Joy.Suk@yopmail.com,developer,Lesotho,Greenwich,CS,1974-01-15
837,Shaine,Lilybelle,Shaine.Lilybelle@yopmail.com,doctor,Bhutan,Moscow,NF,2004-09-26
838,Charmaine,Stelle,Charmaine.Stelle@yopmail.com,doctor,Romania,Naples,BN,1958-07-14
839,Karolina,Laverne,Karolina.Laverne@yopmail.com,police officer,Liberia,Skopje,NO,1953-06-25
840,Deedee,Lorenz,Deedee.Lorenz@yopmail.com,police officer,Nigeria,Dongguan,BG,1994-01-01
841,Hermione,Lesley,Hermione.Lesley@yopmail.com,firefighter,Tajikistan,Rochester,MM,1900-10-20
842,Kathi,Girardo,Kathi.Girardo@yopmail.com,worker,Burundi,Guwahati,TG,1987-07-13
843,Jorry,Colbert,Jorry.Colbert@yopmail.com,developer,Christmas Island,Douglas,LS,1990-06-10
844,Andree,Bach,Andree.Bach@yopmail.com,firefighter,Chile,St. George's,AW,1986-05-27
845,Anthia,Sacken,Anthia.Sacken@yopmail.com,doctor,Montserrat,Busan,BY,1990-05-03
846,Oona,Nahum,Oona.Nahum@yopmail.com,firefighter,Luxembourg,Prague,BD,1917-10-15
847,Brynna,Aloise,Brynna.Aloise@yopmail.com,worker,Colombia,Pristina,SZ,1948-10-20
848,Tina,Nea,Tina.Nea@yopmail.com,worker,Guadeloupe,Cardiff,CF,1950-07-08
849,Netty,Kunin,Netty.Kunin@yopmail.com,firefighter,Niger,Sukhumi,GM,2017-08-30
850,Dede,Dichy,Dede.Dichy@yopmail.com,developer,Jamaica,Cali,SH,1909-11-03
851,Barbara,Jillane,Barbara.Jillane@yopmail.com,police officer,Latvia,Omdurman,OM,2010-02-24
852,Sallie,Fry,Sallie.Fry@yopmail.com,developer,Norway,Nakhon Ratchasima,SO,1992-02-16
853,Peri,Kevon,Peri.Kevon@yopmail.com,firefighter,Norway,Cotonou,SK,2013-12-08
854,Noelle,Donell,Noelle.Donell@yopmail.com,worker,Saint Lucia,Mata-Utu,NR,1914-09-02
855,Tori,Daegal,Tori.Daegal@yopmail.com,firefighter,Madagascar,The Hague,TZ,1963-08-21
856,Jere,Ade,Jere.Ade@yopmail.com,developer,Botswana,Dibrugarh,PK,1924-06-04
857,Hettie,Gower,Hettie.Gower@yopmail.com,police officer,Nauru,Ilhéus,BV,1913-12-21
858,Linzy,Hull,Linzy.Hull@yopmail.com,police officer,Ukraine,Denver,MG,2012-03-17
859,Celestyna,Adore,Celestyna.Adore@yopmail.com,firefighter,"Congo, The Democratic Republic of the",Shanghai,GI,1900-11-12
860,Dotty,Niles,Dotty.Niles@yopmail.com,developer,Singapore,Ottawa,LA,1991-07-31
861,Alie,Nikaniki,Alie.Nikaniki@yopmail.com,developer,Kenya,Kuala Lumpur,DK,1944-06-30
862,Malina,Hedve,Malina.Hedve@yopmail.com,developer,El Salvador,Rockhampton,PN,2008-10-31
863,Annecorinne,Sabella,Annecorinne.Sabella@yopmail.com,firefighter,Seychelles,Gold Coast,KN,1966-07-19
864,Doro,Dowski,Doro.Dowski@yopmail.com,doctor,Antarctica,Mogadishu,GP,1964-06-29
865,Anallese,Drus,Anallese.Drus@yopmail.com,firefighter,Syrian Arab Republic,Dili,KN,1941-10-12
866,Brietta,Tufts,Brietta.Tufts@yopmail.com,doctor,Madagascar,Abu Dhabi,KN,1995-01-27
867,Genovera,Karl,Genovera.Karl@yopmail.com,doctor,"Virgin Islands, British",Nice,AW,1939-09-01
868,Libbie,Schlosser,Libbie.Schlosser@yopmail.com,doctor,Cambodia,Raleigh,GW,2002-12-11
869,Ursulina,Chandler,Ursulina.Chandler@yopmail.com,firefighter,Iraq,Campo Grande,SZ,1968-08-27
870,Nita,Greyson,Nita.Greyson@yopmail.com,worker,Ecuador,Charlotte Amalie,GW,1916-08-13
871,Myrtice,Gerge,Myrtice.Gerge@yopmail.com,worker,Chad,Providence,BW,1961-04-19
872,Cassandra,Kirstin,Cassandra.Kirstin@yopmail.com,police officer,Liechtenstein,Santa Cruz de Tenerife,VU,1979-07-30
873,Maisey,Medrek,Maisey.Medrek@yopmail.com,worker,Oman,Quetzaltenango,MV,2018-06-27
874,Wilma,Nerita,Wilma.Nerita@yopmail.com,doctor,Palau,Ipoh,MG,2006-06-23
875,Clementine,Rustice,Clementine.Rustice@yopmail.com,worker,Afghanistan,Bursa,MY,1999-10-19
876,Kial,Berriman,Kial.Berriman@yopmail.com,developer,Malawi,Ponta Delgada,AR,1989-07-11
877,Keelia,Idelia,Keelia.Idelia@yopmail.com,developer,Ireland,Saint John,OM,1997-05-08
878,Shirlee,Hull,Shirlee.Hull@yopmail.com,worker,Solomon Islands,Sukhumi,DZ,1990-10-22
879,Nessie,Emerson,Nessie.Emerson@yopmail.com,worker,Mexico,St. George's,KP,1934-11-28
880,Christy,Ax,Christy.Ax@yopmail.com,worker,Chile,Chittagong,GP,2015-01-01
881,Lynde,Arne,Lynde.Arne@yopmail.com,police officer,"Cote D""Ivoire",Abuja,AO,1981-03-16
882,Lita,Lia,Lita.Lia@yopmail.com,firefighter,Benin,Bamako,BG,1908-11-19
883,Lanae,Abbot,Lanae.Abbot@yopmail.com,doctor,Equatorial Guinea,Durango,AW,2016-03-23
884,Atlanta,Suzetta,Atlanta.Suzetta@yopmail.com,firefighter,Vanuatu,Cali,GE,1912-08-29
885,Madeleine,Bennie,Madeleine.Bennie@yopmail.com,worker,Tuvalu,Darwin,NA,1993-10-11
886,Keelia,Arathorn,Keelia.Arathorn@yopmail.com,developer,Saint Vincent and the Grenadines,Padang,CG,1983-02-11
887,Valeda,Cassius,Valeda.Cassius@yopmail.com,police officer,Oman,Guangzhou,TH,1902-06-01
888,Annaliese,Eiser,Annaliese.Eiser@yopmail.com,doctor,Cameroon,Monrovia,LY,2001-05-04
889,Ricky,Aurelio,Ricky.Aurelio@yopmail.com,firefighter,Lebanon,Philadelphia,VC,2019-01-17
890,Alejandra,Kolnick,Alejandra.Kolnick@yopmail.com,worker,Tuvalu,Damascus,NZ,1972-01-05
891,Aurore,Jarib,Aurore.Jarib@yopmail.com,firefighter,Nauru,Riverside,SB,2014-06-22
892,Nelle,Frodi,Nelle.Frodi@yopmail.com,firefighter,Botswana,Ulan Bator,SR,1914-11-16
893,Tybie,Brady,Tybie.Brady@yopmail.com,developer,Slovenia,Jamestown,VG,1974-09-12
894,Dominga,Eachern,Dominga.Eachern@yopmail.com,police officer,Antarctica,Francistown,CK,1953-12-07
895,Oona,Audly,Oona.Audly@yopmail.com,police officer,Greece,Mwanza,GG,1986-12-04
896,Katuscha,Tremayne,Katuscha.Tremayne@yopmail.com,doctor,Japan,Wuhan,BY,2015-12-23
897,Elvira,Brieta,Elvira.Brieta@yopmail.com,worker,"Taiwan, Province of China",Rochester,DM,1980-12-06
898,Yolane,Ashely,Yolane.Ashely@yopmail.com,doctor,United Kingdom,Lyon,JO,2000-01-18
899,Dennie,Louanna,Dennie.Louanna@yopmail.com,firefighter,Mauritius,Chennai,GD,1935-03-13
900,Celene,Bergman,Celene.Bergman@yopmail.com,worker,Chad,Antananarivo,VU,1982-02-05
901,Raf,Hutchison,Raf.Hutchison@yopmail.com,developer,Niue,Thiès,CM,1943-01-24
902,Rozele,Hanleigh,Rozele.Hanleigh@yopmail.com,firefighter,Tokelau,Concepción,AS,2010-05-02
903,Helsa,Niccolo,Helsa.Niccolo@yopmail.com,firefighter,"Korea, Republic of",Cartagena,LR,2010-03-31
904,Darci,Huggins,Darci.Huggins@yopmail.com,firefighter,Uganda,Islamabad,AQ,1919-10-21
905,Jenilee,Urias,Jenilee.Urias@yopmail.com,firefighter,Dominican Republic,Havana,NZ,1934-08-30
906,Dorice,Jeanne,Dorice.Jeanne@yopmail.com,doctor,Kenya,Skopje,MX,1979-12-17
907,Dorothy,Malina,Dorothy.Malina@yopmail.com,developer,Uganda,Rosario,HM,1997-01-28
908,Hildegaard,Emanuel,Hildegaard.Emanuel@yopmail.com,doctor,Nauru,Barcelona,KR,1968-10-16
909,Fanny,Georas,Fanny.Georas@yopmail.com,firefighter,"Palestinian Territory, Occupied",Marrakech,AR,1984-10-28
910,Chickie,Aaberg,Chickie.Aaberg@yopmail.com,doctor,Guadeloupe,Ankara,KP,1924-06-23
911,Alexine,Lalitta,Alexine.Lalitta@yopmail.com,doctor,Bosnia and Herzegovina,Antofagasta,AL,1943-05-25
912,Dulce,Lemuela,Dulce.Lemuela@yopmail.com,firefighter,Mali,Las Vegas,IR,1909-07-30
913,Zsa Zsa,Slifka,Zsa Zsa.Slifka@yopmail.com,doctor,"Cote D""Ivoire",Chittagong,LI,1957-03-22
914,Caritta,Adalbert,Caritta.Adalbert@yopmail.com,police officer,American Samoa,Ludhiana,ET,2006-04-06
915,Sean,Raul,Sean.Raul@yopmail.com,doctor,Viet Nam,Anadyr (town),VA,1958-07-04
916,Abbie,Edison,Abbie.Edison@yopmail.com,police officer,Tuvalu,Anchorage,CY,1935-11-23
917,Ida,Barbey,Ida.Barbey@yopmail.com,worker,Congo,The Hague,AR,1980-06-14
918,Benita,Schlosser,Benita.Schlosser@yopmail.com,worker,Jamaica,Hanoi,CZ,1996-12-21
919,Concettina,Laurianne,Concettina.Laurianne@yopmail.com,firefighter,Hungary,Paramaribo,KY,1902-05-27
920,Tori,Cosenza,Tori.Cosenza@yopmail.com,police officer,Pitcairn,Chennai,AT,1950-09-21
921,Johna,Seessel,Johna.Seessel@yopmail.com,doctor,Uganda,Omsk,CC,1943-05-19
922,Gale,Trace,Gale.Trace@yopmail.com,firefighter,Solomon Islands,Kaohsiung,BB,1955-07-08
923,Gale,Posner,Gale.Posner@yopmail.com,doctor,Tonga,Accra,LR,1910-10-11
924,Rebeca,Annabella,Rebeca.Annabella@yopmail.com,firefighter,Chad,Novosibirsk,GI,1950-01-11
925,Dianemarie,Sandye,Dianemarie.Sandye@yopmail.com,police officer,Argentina,Dili,VI,1917-08-05
926,Kial,Saunderson,Kial.Saunderson@yopmail.com,worker,Faroe Islands,Libreville,MA,1956-06-18
927,Shel,Ulphia,Shel.Ulphia@yopmail.com,firefighter,Ecuador,Las Palmas de Gran Canaria,GF,1948-11-23
928,Shel,Verger,Shel.Verger@yopmail.com,worker,Solomon Islands,Melekeok,US,1980-07-21
929,Corry,Decato,Corry.Decato@yopmail.com,police officer,Mali,Graz,FJ,1966-09-22
930,Juliane,Tamar,Juliane.Tamar@yopmail.com,doctor,Greece,Luxor,BZ,1920-12-21
931,Henriette,Hamil,Henriette.Hamil@yopmail.com,worker,Azerbaijan,Quebec City,BM,1906-04-29
932,Maisey,Adamsen,Maisey.Adamsen@yopmail.com,doctor,Russian Federation,Douala,WF,1978-09-15
933,Jemie,Noam,Jemie.Noam@yopmail.com,doctor,Saint Kitts and Nevis,Chicago,BT,1983-08-30
934,Ada,Bennie,Ada.Bennie@yopmail.com,developer,Yemen,Doha,JO,1998-09-07
935,Magdalena,Lorain,Magdalena.Lorain@yopmail.com,developer,Austria,Port Elizabeth,SV,1914-03-16
936,Bertine,Audly,Bertine.Audly@yopmail.com,developer,Iraq,Gaza,GS,1969-04-02
937,Shel,Florina,Shel.Florina@yopmail.com,worker,India,San Salvador,RO,1903-02-17
938,Joy,Constancy,Joy.Constancy@yopmail.com,police officer,Pitcairn,Phnom Penh,ZM,1962-07-20
939,Mildrid,Roche,Mildrid.Roche@yopmail.com,police officer,Guernsey,Asunción,NZ,1984-11-04
940,Aurelie,Faria,Aurelie.Faria@yopmail.com,developer,Bahrain,Medellín,MH,1925-07-05
941,Tina,Ade,Tina.Ade@yopmail.com,worker,Saint Lucia,Kota Kinabalu,HK,2014-08-29
942,Myriam,Presber,Myriam.Presber@yopmail.com,worker,Guam,Brussels,TC,1911-10-06
943,Kirbee,Wattenberg,Kirbee.Wattenberg@yopmail.com,developer,Sao Tome and Principe,Francistown,LU,1977-01-23
944,Giustina,Sprage,Giustina.Sprage@yopmail.com,firefighter,Yemen,Arequipa,JM,1943-01-02
945,Deedee,Autrey,Deedee.Autrey@yopmail.com,worker,Christmas Island,Yamoussoukro,VU,1966-06-13
946,Hollie,Zetta,Hollie.Zetta@yopmail.com,doctor,Antigua and Barbuda,Lagos,SB,1990-02-08
947,Almeta,Danby,Almeta.Danby@yopmail.com,police officer,"Korea, Republic of",Miami,TK,1979-03-20
948,Darci,Zaslow,Darci.Zaslow@yopmail.com,doctor,"Tanzania, United Republic of",Auckland,HM,1980-03-29
949,Constance,Tillford,Constance.Tillford@yopmail.com,developer,Nicaragua,Bulawayo,ML,1904-02-29
950,Pearline,Lasley,Pearline.Lasley@yopmail.com,developer,Guinea-Bissau,Batticaloa,HM,1904-09-21
951,Shell,Olnee,Shell.Olnee@yopmail.com,developer,China,Winnipeg,HK,1924-11-02
952,Orsola,Auberbach,Orsola.Auberbach@yopmail.com,doctor,Uruguay,Stanley,KP,1954-09-29
953,Margette,Rooney,Margette.Rooney@yopmail.com,police officer,Yemen,Kota Kinabalu,KP,1929-08-18
954,Maud,Duwalt,Maud.Duwalt@yopmail.com,developer,Seychelles,Roseau,KY,1909-12-27
955,Dorice,Sabella,Dorice.Sabella@yopmail.com,doctor,Cook Islands,Yerevan,EC,1988-04-10
956,Keelia,Iiette,Keelia.Iiette@yopmail.com,firefighter,Bolivia,Tehran,DK,1958-10-13
957,Katleen,Pierette,Katleen.Pierette@yopmail.com,firefighter,Bahrain,Samara,TZ,2011-02-15
958,Georgina,Maiah,Georgina.Maiah@yopmail.com,police officer,Paraguay,Cannes,AZ,1964-09-03
959,Tobe,Alva,Tobe.Alva@yopmail.com,worker,Martinique,Surabaya,TT,1990-04-25
960,Gerianna,Marsden,Gerianna.Marsden@yopmail.com,firefighter,Burkina Faso,Maracaibo,SN,1933-01-08
961,Sara-Ann,Chem,Sara-Ann.Chem@yopmail.com,developer,Heard Island and Mcdonald Islands,Douala,CM,1958-04-17
962,Calla,Ingra,Calla.Ingra@yopmail.com,firefighter,Tuvalu,Turin,AD,2006-08-19
963,Yetty,Wolfgram,Yetty.Wolfgram@yopmail.com,developer,Burundi,Cannes,UZ,1988-12-19
964,Cristine,Reidar,Cristine.Reidar@yopmail.com,police officer,Monaco,Santo Domingo,GM,1985-09-15
965,Barbi,Wilkinson,Barbi.Wilkinson@yopmail.com,police officer,Jamaica,Kabul,TG,1999-01-27
966,Daune,Greyson,Daune.Greyson@yopmail.com,developer,Czech Republic,Cebu City,CZ,1972-06-10
967,Constance,Goth,Constance.Goth@yopmail.com,doctor,Canada,Las Palmas de Gran Canaria,FR,1906-10-03
968,Constance,Radu,Constance.Radu@yopmail.com,developer,Martinique,Sana'a,MO,1996-04-19
969,Dorene,Loleta,Dorene.Loleta@yopmail.com,doctor,French Polynesia,Chuí,VG,1963-03-17
970,Ilse,Belldas,Ilse.Belldas@yopmail.com,worker,Norway,Graz,RO,1992-09-27
971,Susan,Kaete,Susan.Kaete@yopmail.com,firefighter,Faroe Islands,Oklahoma City,TC,1953-11-10
972,Lynde,Wilkinson,Lynde.Wilkinson@yopmail.com,firefighter,Uruguay,Karachi,NZ,1969-10-28
973,Alyda,Callista,Alyda.Callista@yopmail.com,worker,Nauru,Raleigh,CG,2016-03-28
974,Sibella,Ophelia,Sibella.Ophelia@yopmail.com,firefighter,Italy,Brazzaville,GA,1921-08-20
975,Monika,Kunin,Monika.Kunin@yopmail.com,doctor,"Virgin Islands, British",Oslo,HU,1944-12-01
976,Anestassia,Gladstone,Anestassia.Gladstone@yopmail.com,developer,Argentina,Dammam,DM,2001-10-06
977,Kellen,Cimbura,Kellen.Cimbura@yopmail.com,firefighter,United States,Dushanbe,BA,1951-12-23
978,Jacenta,Ethban,Jacenta.Ethban@yopmail.com,worker,Switzerland,Ho Chi Minh City,ID,1998-01-08
979,Charissa,Grobe,Charissa.Grobe@yopmail.com,developer,Bangladesh,Bloemfontein,GQ,1913-12-21
980,Stacey,Nunci,Stacey.Nunci@yopmail.com,doctor,Peru,Cayenne,YT,1993-06-30
981,Averyl,Federica,Averyl.Federica@yopmail.com,police officer,Kenya,Sofia,AF,2013-08-21
982,Lacie,Linskey,Lacie.Linskey@yopmail.com,developer,Yemen,Stepanakert,SH,1981-10-03
983,Lonnie,Drus,Lonnie.Drus@yopmail.com,firefighter,Grenada,Banda Aceh,ST,1947-05-23
984,Katleen,McAdams,Katleen.McAdams@yopmail.com,doctor,Slovakia,City of San Marino,HN,1931-09-12
985,Jorry,Kosey,Jorry.Kosey@yopmail.com,worker,Guatemala,Libreville,SD,2017-02-21
986,Nanete,Ochs,Nanete.Ochs@yopmail.com,doctor,"Korea, Republic of",Bangalore,NZ,1933-12-23
987,Lexine,Sisile,Lexine.Sisile@yopmail.com,doctor,Niue,Sydney,VN,1933-08-30
988,Renae,Sawtelle,Renae.Sawtelle@yopmail.com,developer,South Africa,Durban,PW,1999-03-25
989,Lisette,Elsinore,Lisette.Elsinore@yopmail.com,doctor,Mauritius,Beirut,LA,2006-03-29
990,Therine,Raul,Therine.Raul@yopmail.com,developer,Central African Republic,Thimphu,TZ,1984-02-29
991,Jan,Amadas,Jan.Amadas@yopmail.com,doctor,Mexico,South Tarawa,GF,2003-11-16
992,Glynnis,Ventre,Glynnis.Ventre@yopmail.com,worker,New Zealand,Ashgabat,GU,1981-12-12
993,Madelle,Irmine,Madelle.Irmine@yopmail.com,police officer,Honduras,Samara,AQ,1971-02-24
994,Di,Faust,Di.Faust@yopmail.com,police officer,Denmark,Milan,IE,2004-04-29
995,Betta,Serilda,Betta.Serilda@yopmail.com,firefighter,"Virgin Islands, U.S.",Murmansk,AS,1966-03-19
996,Nollie,Aprile,Nollie.Aprile@yopmail.com,developer,Panama,Quetzaltenango,FM,1988-01-23
997,Catharine,Gusella,Catharine.Gusella@yopmail.com,developer,Mongolia,Ottawa,WS,1976-09-07
998,Coral,Jagir,Coral.Jagir@yopmail.com,doctor,Benin,Gold Coast,VA,2011-06-10
999,Ann-Marie,Rebecka,Ann-Marie.Rebecka@yopmail.com,firefighter,Bolivia,Bissau,TW,1995-01-07
1000,Andree,Bashemeth,Andree.Bashemeth@yopmail.com,developer,British Indian Ocean Territory,Auckland,SE,2002-07-21
