id,firstname,lastname,email,profession
100,Loree,Agle,Loree.Agle@yopmail.com,worker
101,Tressa,Argus,Tressa.Argus@yopmail.com,worker
102,Wileen,Japeth,Wileen.Japeth@yopmail.com,firefighter
103,Veda,Jotham,Veda.Jotham@yopmail.com,developer
104,Lilith,Gladstone,Lilith.Gladstone@yopmail.com,doctor
105,Joeann,Rozanna,Joeann.Rozanna@yopmail.com,firefighter
106,Cherilyn,Grosz,Cherilyn.Grosz@yopmail.com,doctor
107,Zsa Zsa,Gabrielli,Zsa Zsa.Gabrielli@yopmail.com,doctor
108,Dorthy,Rubie,Dorthy.Rubie@yopmail.com,police officer
109,Jillayne,Gaynor,Jillayne.Gaynor@yopmail.com,doctor
110,Rosanne,Faso,Rosanne.Faso@yopmail.com,developer
111,Gwyneth,Shaver,Gwyneth.Shaver@yopmail.com,developer
112,Darci,Sandye,Darci.Sandye@yopmail.com,police officer
113,Kayla,Zola,Kayla.Zola@yopmail.com,police officer
114,Kore,Lanita,Kore.Lanita@yopmail.com,firefighter
115,Catharine,Ardeha,Catharine.Ardeha@yopmail.com,worker
116,Gerrie,Trace,Gerrie.Trace@yopmail.com,doctor
117,Ebonee,Bluh,Ebonee.Bluh@yopmail.com,worker
118,Danny,Doig,Danny.Doig@yopmail.com,doctor
119,Ann-Marie,Billye,Ann-Marie.Billye@yopmail.com,police officer
120,Louella,Uund,Louella.Uund@yopmail.com,worker
121,Sandie,Docilla,Sandie.Docilla@yopmail.com,firefighter
122,Catrina,Trinetta,Catrina.Trinetta@yopmail.com,developer
123,Randa,Nadia,Randa.Nadia@yopmail.com,doctor
124,Jobi,Bakerman,Jobi.Bakerman@yopmail.com,developer
125,Rosabelle,Rogerio,Rosabelle.Rogerio@yopmail.com,developer
126,Delilah,Madaih,Delilah.Madaih@yopmail.com,police officer
127,Betta,Goth,Betta.Goth@yopmail.com,worker
128,Frances,Anyah,Frances.Anyah@yopmail.com,worker
129,Dulcinea,Gaulin,Dulcinea.Gaulin@yopmail.com,worker
130,Millie,Publia,Millie.Publia@yopmail.com,worker
131,Candy,Niccolo,Candy.Niccolo@yopmail.com,doctor
132,Fayre,Howlyn,Fayre.Howlyn@yopmail.com,doctor
133,Sharai,Sikorski,Sharai.Sikorski@yopmail.com,firefighter
134,Kelly,Arne,Kelly.Arne@yopmail.com,worker
135,Anestassia,Swanhildas,Anestassia.Swanhildas@yopmail.com,developer
136,Minne,Ardeha,Minne.Ardeha@yopmail.com,firefighter
137,Gratia,Corilla,Gratia.Corilla@yopmail.com,doctor
138,Talya,Egbert,Talya.Egbert@yopmail.com,firefighter
139,Kore,Joseph,Kore.Joseph@yopmail.com,doctor
140,Hyacinthe,Wind,Hyacinthe.Wind@yopmail.com,doctor
141,Hermione,Seagraves,Hermione.Seagraves@yopmail.com,firefighter
142,Millie,Carvey,Millie.Carvey@yopmail.com,worker
143,Esmeralda,Berl,Esmeralda.Berl@yopmail.com,worker
144,Corly,Hoban,Corly.Hoban@yopmail.com,doctor
145,Eadie,Edmund,Eadie.Edmund@yopmail.com,firefighter
146,Laure,Decato,Laure.Decato@yopmail.com,developer
147,Karly,Helfand,Karly.Helfand@yopmail.com,firefighter
148,Luci,Linehan,Luci.Linehan@yopmail.com,developer
149,Alejandra,Darbie,Alejandra.Darbie@yopmail.com,firefighter
150,Linzy,Pip,Linzy.Pip@yopmail.com,worker
151,Katharina,LaRue,Katharina.LaRue@yopmail.com,firefighter
152,Danika,Cohdwell,Danika.Cohdwell@yopmail.com,developer
153,Frank,Revkah,Frank.Revkah@yopmail.com,doctor
154,Gale,Tannie,Gale.Tannie@yopmail.com,worker
155,Nerta,Christine,Nerta.Christine@yopmail.com,police officer
156,Jaime,Abram,Jaime.Abram@yopmail.com,police officer
157,Angelique,Lesley,Angelique.Lesley@yopmail.com,firefighter
158,Mureil,Chem,Mureil.Chem@yopmail.com,doctor
159,Blake,Dom,Blake.Dom@yopmail.com,worker
160,Celisse,Morgun,Celisse.Morgun@yopmail.com,worker
161,Nannie,Atcliffe,Nannie.Atcliffe@yopmail.com,worker
162,Kylynn,Braun,Kylynn.Braun@yopmail.com,doctor
163,Eve,Ashok,Eve.Ashok@yopmail.com,firefighter
164,Brooks,Thad,Brooks.Thad@yopmail.com,police officer
165,Collen,Kolnick,Collen.Kolnick@yopmail.com,firefighter
166,Sandie,Kat,Sandie.Kat@yopmail.com,developer
167,Almeta,Edee,Almeta.Edee@yopmail.com,worker
168,Jinny,Olympium,Jinny.Olympium@yopmail.com,worker
169,Elie,Stanwood,Elie.Stanwood@yopmail.com,police officer
170,Kittie,Odell,Kittie.Odell@yopmail.com,police officer
171,Rani,Izaak,Rani.Izaak@yopmail.com,developer
172,Hyacinthe,Warthman,Hyacinthe.Warthman@yopmail.com,doctor
173,Roslyn,Destinee,Roslyn.Destinee@yopmail.com,police officer
174,Ana,Maurine,Ana.Maurine@yopmail.com,firefighter
175,Drucie,Joli,Drucie.Joli@yopmail.com,doctor
176,Minne,Heidt,Minne.Heidt@yopmail.com,police officer
177,Emelina,Stav,Emelina.Stav@yopmail.com,developer
178,Cindelyn,Kare,Cindelyn.Kare@yopmail.com,worker
179,Aaren,Yam,Aaren.Yam@yopmail.com,worker
180,Tori,Darian,Tori.Darian@yopmail.com,doctor
181,Romona,Esmaria,Romona.Esmaria@yopmail.com,firefighter
182,Kenna,Glovsky,Kenna.Glovsky@yopmail.com,doctor
183,Chickie,Havens,Chickie.Havens@yopmail.com,worker
184,Carolina,Ahab,Carolina.Ahab@yopmail.com,worker
185,Roslyn,Maxi,Roslyn.Maxi@yopmail.com,police officer
186,Carmela,Mata,Carmela.Mata@yopmail.com,firefighter
187,Olivette,Jobi,Olivette.Jobi@yopmail.com,police officer
188,Eolanda,Karl,Eolanda.Karl@yopmail.com,doctor
189,Shaylyn,Hirsch,Shaylyn.Hirsch@yopmail.com,doctor
190,Alia,Justinn,Alia.Justinn@yopmail.com,police officer
191,Verla,Lutero,Verla.Lutero@yopmail.com,doctor
192,Delilah,Gusella,Delilah.Gusella@yopmail.com,firefighter
193,Reeba,Sothena,Reeba.Sothena@yopmail.com,police officer
194,Brianna,Greyson,Brianna.Greyson@yopmail.com,developer
195,Tonia,Ammann,Tonia.Ammann@yopmail.com,developer
196,Hayley,Bouchard,Hayley.Bouchard@yopmail.com,firefighter
197,Carmela,Carbo,Carmela.Carbo@yopmail.com,worker
198,Loree,Sheedy,Loree.Sheedy@yopmail.com,doctor
199,Odessa,Norvol,Odessa.Norvol@yopmail.com,police officer
200,Jan,Mintz,Jan.Mintz@yopmail.com,police officer
201,Viki,Rona,Viki.Rona@yopmail.com,police officer
202,Allyce,Obed,Allyce.Obed@yopmail.com,developer
203,Korrie,Ingra,Korrie.Ingra@yopmail.com,worker
204,Sheelagh,Zaslow,Sheelagh.Zaslow@yopmail.com,developer
205,Dorice,Marijo,Dorice.Marijo@yopmail.com,doctor
206,Tilly,Abbot,Tilly.Abbot@yopmail.com,firefighter
207,Cyndie,Adlare,Cyndie.Adlare@yopmail.com,firefighter
208,Jordan,Montgomery,Jordan.Montgomery@yopmail.com,police officer
209,Kaia,Podvin,Kaia.Podvin@yopmail.com,developer
210,Viviene,Gwenore,Viviene.Gwenore@yopmail.com,doctor
211,Linzy,Even,Linzy.Even@yopmail.com,police officer
212,Alejandra,Iaverne,Alejandra.Iaverne@yopmail.com,developer
213,Justinn,Matthew,Justinn.Matthew@yopmail.com,developer
214,Nonnah,Fink,Nonnah.Fink@yopmail.com,police officer
215,Clementine,Ajay,Clementine.Ajay@yopmail.com,developer
216,Bernardine,Read,Bernardine.Read@yopmail.com,developer
217,Cacilie,Milson,Cacilie.Milson@yopmail.com,developer
218,Janey,Gladstone,Janey.Gladstone@yopmail.com,developer
219,Darlleen,Bigner,Darlleen.Bigner@yopmail.com,police officer
220,Rhea,Idelia,Rhea.Idelia@yopmail.com,developer
221,Betta,Ackerley,Betta.Ackerley@yopmail.com,doctor
222,Katharina,Judye,Katharina.Judye@yopmail.com,worker
223,Jennica,Merna,Jennica.Merna@yopmail.com,doctor
224,Eugine,Naor,Eugine.Naor@yopmail.com,worker
225,Monika,Posner,Monika.Posner@yopmail.com,police officer
226,Shaylyn,Gunn,Shaylyn.Gunn@yopmail.com,worker
227,Randa,Mintz,Randa.Mintz@yopmail.com,firefighter
228,Edee,Hollingsworth,Edee.Hollingsworth@yopmail.com,doctor
229,Christal,Sasnett,Christal.Sasnett@yopmail.com,worker
230,Wanda,Magdalen,Wanda.Magdalen@yopmail.com,developer
231,Lilith,Yerkovich,Lilith.Yerkovich@yopmail.com,police officer
232,Lucille,Brandice,Lucille.Brandice@yopmail.com,firefighter
233,Kristan,Rebecka,Kristan.Rebecka@yopmail.com,firefighter
234,Cherilyn,Anestassia,Cherilyn.Anestassia@yopmail.com,developer
235,Meriel,Leifeste,Meriel.Leifeste@yopmail.com,firefighter
236,Cam,Sigfrid,Cam.Sigfrid@yopmail.com,developer
237,Mara,Papageno,Mara.Papageno@yopmail.com,firefighter
238,Halette,Iaverne,Halette.Iaverne@yopmail.com,doctor
239,Rhea,Boycey,Rhea.Boycey@yopmail.com,firefighter
240,Monika,Percy,Monika.Percy@yopmail.com,developer
241,Molli,Vilma,Molli.Vilma@yopmail.com,firefighter
242,Siana,Cohdwell,Siana.Cohdwell@yopmail.com,developer
243,Alejandra,Berl,Alejandra.Berl@yopmail.com,police officer
244,Elbertina,Dimitris,Elbertina.Dimitris@yopmail.com,developer
245,Brietta,Astra,Brietta.Astra@yopmail.com,police officer
246,Tilly,Ball,Tilly.Ball@yopmail.com,developer
247,Paulita,Ummersen,Paulita.Ummersen@yopmail.com,doctor
248,Jacquetta,Frendel,Jacquetta.Frendel@yopmail.com,developer
249,Ezmeralda,Monk,Ezmeralda.Monk@yopmail.com,worker
250,Marjie,Rhu,Marjie.Rhu@yopmail.com,police officer
251,Hollie,Buttaro,Hollie.Buttaro@yopmail.com,developer
252,Cherilyn,Bonucci,Cherilyn.Bonucci@yopmail.com,firefighter
253,Tilly,Carleen,Tilly.Carleen@yopmail.com,police officer
254,Sharlene,Maurine,Sharlene.Maurine@yopmail.com,worker
255,Glenda,Carbo,Glenda.Carbo@yopmail.com,doctor
256,Emmey,Stover,Emmey.Stover@yopmail.com,worker
257,Jaclyn,Rhu,Jaclyn.Rhu@yopmail.com,police officer
258,Tani,Fontana,Tani.Fontana@yopmail.com,firefighter
259,Candi,Shanley,Candi.Shanley@yopmail.com,developer
260,Alexine,Leifeste,Alexine.Leifeste@yopmail.com,worker
261,Rebeca,Astra,Rebeca.Astra@yopmail.com,developer
262,Elyssa,Libna,Elyssa.Libna@yopmail.com,developer
263,Emylee,Pauly,Emylee.Pauly@yopmail.com,worker
264,Bernardine,Shanley,Bernardine.Shanley@yopmail.com,doctor
265,Elmira,Clywd,Elmira.Clywd@yopmail.com,doctor
266,Nananne,Pitt,Nananne.Pitt@yopmail.com,doctor
267,Tabbatha,Phaidra,Tabbatha.Phaidra@yopmail.com,police officer
268,Carlie,Rugen,Carlie.Rugen@yopmail.com,doctor
269,Nataline,Dielu,Nataline.Dielu@yopmail.com,worker
270,Hyacinthe,Trace,Hyacinthe.Trace@yopmail.com,developer
271,Leanna,Ehrman,Leanna.Ehrman@yopmail.com,firefighter
272,Lelah,Atcliffe,Lelah.Atcliffe@yopmail.com,developer
273,Lynea,Kelula,Lynea.Kelula@yopmail.com,firefighter
274,Pierette,Fredi,Pierette.Fredi@yopmail.com,doctor
275,Danika,Shama,Danika.Shama@yopmail.com,doctor
276,Suzette,Erich,Suzette.Erich@yopmail.com,police officer
277,Aaren,Emerson,Aaren.Emerson@yopmail.com,developer
278,Norine,Orpah,Norine.Orpah@yopmail.com,doctor
279,Lauryn,Wooster,Lauryn.Wooster@yopmail.com,firefighter
280,Gretal,Martsen,Gretal.Martsen@yopmail.com,police officer
281,Asia,Emanuel,Asia.Emanuel@yopmail.com,developer
282,Nannie,Brunell,Nannie.Brunell@yopmail.com,doctor
283,Millie,Kesley,Millie.Kesley@yopmail.com,developer
284,Aryn,Dyche,Aryn.Dyche@yopmail.com,firefighter
285,Reeba,Curren,Reeba.Curren@yopmail.com,doctor
286,Mariele,Genna,Mariele.Genna@yopmail.com,worker
287,Zaria,Serilda,Zaria.Serilda@yopmail.com,worker
288,Letizia,Dahlia,Letizia.Dahlia@yopmail.com,police officer
289,Melina,Honoria,Melina.Honoria@yopmail.com,firefighter
290,Johna,Ethban,Johna.Ethban@yopmail.com,worker
291,Helena,Sundin,Helena.Sundin@yopmail.com,doctor
292,Sallie,Brady,Sallie.Brady@yopmail.com,firefighter
293,Jacquetta,Bury,Jacquetta.Bury@yopmail.com,doctor
294,Cam,Lipson,Cam.Lipson@yopmail.com,doctor
295,Hope,Natica,Hope.Natica@yopmail.com,worker
296,Caritta,Teryn,Caritta.Teryn@yopmail.com,developer
297,Britni,Kevon,Britni.Kevon@yopmail.com,worker
298,Jere,Bibi,Jere.Bibi@yopmail.com,worker
299,Emmey,Deny,Emmey.Deny@yopmail.com,developer
300,Ardys,Briney,Ardys.Briney@yopmail.com,police officer
301,Kathy,Codding,Kathy.Codding@yopmail.com,police officer
302,Regina,Hunfredo,Regina.Hunfredo@yopmail.com,police officer
303,Clementine,Love,Clementine.Love@yopmail.com,firefighter
304,Jessamyn,Freddi,Jessamyn.Freddi@yopmail.com,firefighter
305,Linet,Audly,Linet.Audly@yopmail.com,worker
306,Alia,Afton,Alia.Afton@yopmail.com,developer
307,Heida,Ophelia,Heida.Ophelia@yopmail.com,developer
308,Almeta,Ajay,Almeta.Ajay@yopmail.com,doctor
309,Wendi,Dalli,Wendi.Dalli@yopmail.com,police officer
310,Clo,Faro,Clo.Faro@yopmail.com,developer
311,Gabriellia,Shelba,Gabriellia.Shelba@yopmail.com,developer
312,Mamie,Kathie,Mamie.Kathie@yopmail.com,police officer
313,Malina,Ivens,Malina.Ivens@yopmail.com,developer
314,Cyndie,Simmonds,Cyndie.Simmonds@yopmail.com,firefighter
315,Rhea,Dannye,Rhea.Dannye@yopmail.com,police officer
316,Leona,Publia,Leona.Publia@yopmail.com,worker
317,Ebonee,Ade,Ebonee.Ade@yopmail.com,doctor
318,Caryl,Mathilde,Caryl.Mathilde@yopmail.com,doctor
319,Cissiee,Granoff,Cissiee.Granoff@yopmail.com,firefighter
320,Arlena,Melleta,Arlena.Melleta@yopmail.com,worker
321,Aubrie,Strephon,Aubrie.Strephon@yopmail.com,doctor
322,Jorry,Codding,Jorry.Codding@yopmail.com,worker
323,Marti,Mich,Marti.Mich@yopmail.com,worker
324,Janis,Lia,Janis.Lia@yopmail.com,firefighter
325,Wileen,Howlyn,Wileen.Howlyn@yopmail.com,firefighter
326,Gretal,Naashom,Gretal.Naashom@yopmail.com,doctor
327,Moyna,Hamil,Moyna.Hamil@yopmail.com,developer
328,Vinita,Shuler,Vinita.Shuler@yopmail.com,doctor
329,Teriann,Alva,Teriann.Alva@yopmail.com,police officer
330,Adelle,Thema,Adelle.Thema@yopmail.com,police officer
331,Tonia,Clywd,Tonia.Clywd@yopmail.com,doctor
332,Antonietta,Ochs,Antonietta.Ochs@yopmail.com,doctor
333,Hayley,Weitman,Hayley.Weitman@yopmail.com,developer
334,Merci,Septima,Merci.Septima@yopmail.com,doctor
335,Roz,Magnolia,Roz.Magnolia@yopmail.com,developer
336,Kirstin,Maxi,Kirstin.Maxi@yopmail.com,firefighter
337,Ethel,Ogren,Ethel.Ogren@yopmail.com,firefighter
338,Doralynne,Hathaway,Doralynne.Hathaway@yopmail.com,firefighter
339,Nannie,Waldron,Nannie.Waldron@yopmail.com,police officer
340,Rosaline,Lay,Rosaline.Lay@yopmail.com,doctor
341,Cathie,Wiener,Cathie.Wiener@yopmail.com,firefighter
342,Cecile,Lucienne,Cecile.Lucienne@yopmail.com,doctor
343,Lelah,Rosette,Lelah.Rosette@yopmail.com,worker
344,Theodora,Amethist,Theodora.Amethist@yopmail.com,firefighter
345,Carmela,Edvard,Carmela.Edvard@yopmail.com,police officer
346,Kayla,Elsinore,Kayla.Elsinore@yopmail.com,firefighter
347,Verla,O'Carroll,Verla.O'Carroll@yopmail.com,worker
348,Alie,Dorcy,Alie.Dorcy@yopmail.com,firefighter
349,Jaime,Giff,Jaime.Giff@yopmail.com,police officer
350,Brynna,Zina,Brynna.Zina@yopmail.com,developer
351,Ardenia,Parette,Ardenia.Parette@yopmail.com,police officer
352,Verla,Burch,Verla.Burch@yopmail.com,firefighter
353,Konstance,Guildroy,Konstance.Guildroy@yopmail.com,police officer
354,Heida,Zuzana,Heida.Zuzana@yopmail.com,doctor
355,Glynnis,Cressida,Glynnis.Cressida@yopmail.com,police officer
356,Mireielle,Jaylene,Mireielle.Jaylene@yopmail.com,doctor
357,Kittie,Hurley,Kittie.Hurley@yopmail.com,police officer
358,Dorothy,Smitt,Dorothy.Smitt@yopmail.com,worker
359,Kathi,Presber,Kathi.Presber@yopmail.com,doctor
360,Cam,Chapland,Cam.Chapland@yopmail.com,police officer
361,Ardeen,Saint,Ardeen.Saint@yopmail.com,police officer
362,Orelia,Brandice,Orelia.Brandice@yopmail.com,firefighter
363,Ellette,Iphlgenia,Ellette.Iphlgenia@yopmail.com,firefighter
364,Kimberley,Naor,Kimberley.Naor@yopmail.com,doctor
365,Edee,McCutcheon,Edee.McCutcheon@yopmail.com,doctor
366,Wileen,Herrera,Wileen.Herrera@yopmail.com,firefighter
367,Clarice,Knowling,Clarice.Knowling@yopmail.com,doctor
368,Brandise,Vary,Brandise.Vary@yopmail.com,developer
369,Florie,Ries,Florie.Ries@yopmail.com,developer
370,Georgetta,Schalles,Georgetta.Schalles@yopmail.com,police officer
371,Codie,Emmy,Codie.Emmy@yopmail.com,police officer
372,Shannah,Curren,Shannah.Curren@yopmail.com,doctor
373,Rhoda,Lea,Rhoda.Lea@yopmail.com,worker
374,Molli,Genna,Molli.Genna@yopmail.com,doctor
375,Susan,Creamer,Susan.Creamer@yopmail.com,developer
376,Vita,Sherfield,Vita.Sherfield@yopmail.com,firefighter
377,Tabbatha,Faro,Tabbatha.Faro@yopmail.com,police officer
378,Rayna,Standing,Rayna.Standing@yopmail.com,developer
379,Margalo,Jess,Margalo.Jess@yopmail.com,firefighter
380,Mamie,Astra,Mamie.Astra@yopmail.com,firefighter
381,Amalie,Jenness,Amalie.Jenness@yopmail.com,police officer
382,Kenna,Pacorro,Kenna.Pacorro@yopmail.com,doctor
383,Oona,Bryna,Oona.Bryna@yopmail.com,police officer
384,Wilma,Niles,Wilma.Niles@yopmail.com,doctor
385,Brandise,Palocz,Brandise.Palocz@yopmail.com,police officer
386,Stephanie,Kronfeld,Stephanie.Kronfeld@yopmail.com,doctor
387,Tori,Maiah,Tori.Maiah@yopmail.com,developer
388,Shauna,Durante,Shauna.Durante@yopmail.com,developer
389,Reeba,Brotherson,Reeba.Brotherson@yopmail.com,worker
390,Andeee,Fennessy,Andeee.Fennessy@yopmail.com,police officer
391,Teriann,Reidar,Teriann.Reidar@yopmail.com,worker
392,Janeczka,Yorick,Janeczka.Yorick@yopmail.com,worker
393,Myrtice,Hillel,Myrtice.Hillel@yopmail.com,worker
394,Tersina,Giule,Tersina.Giule@yopmail.com,developer
395,Ellette,Docilla,Ellette.Docilla@yopmail.com,police officer
396,Sophia,Othilia,Sophia.Othilia@yopmail.com,police officer
397,Taffy,Warthman,Taffy.Warthman@yopmail.com,developer
398,Celestyna,Viddah,Celestyna.Viddah@yopmail.com,developer
399,Nita,Kravits,Nita.Kravits@yopmail.com,worker
400,Susette,Plato,Susette.Plato@yopmail.com,developer
401,Randa,Velick,Randa.Velick@yopmail.com,police officer
402,Hollie,Magdalen,Hollie.Magdalen@yopmail.com,doctor
403,Donnie,Ricki,Donnie.Ricki@yopmail.com,firefighter
404,Donnie,Naor,Donnie.Naor@yopmail.com,doctor
405,Celisse,O'Carroll,Celisse.O'Carroll@yopmail.com,firefighter
406,Heida,Aaberg,Heida.Aaberg@yopmail.com,developer
407,Giustina,Sandye,Giustina.Sandye@yopmail.com,firefighter
408,Tracey,Carmena,Tracey.Carmena@yopmail.com,firefighter
409,Neila,Holbrook,Neila.Holbrook@yopmail.com,developer
410,Angela,Ingra,Angela.Ingra@yopmail.com,worker
411,Nessie,Faria,Nessie.Faria@yopmail.com,developer
412,Leeanne,Hoenack,Leeanne.Hoenack@yopmail.com,firefighter
413,Molli,Eliathas,Molli.Eliathas@yopmail.com,developer
414,Cordi,Alarise,Cordi.Alarise@yopmail.com,police officer
415,Zia,Carlson,Zia.Carlson@yopmail.com,doctor
416,Miquela,Taima,Miquela.Taima@yopmail.com,firefighter
417,Mara,Trey,Mara.Trey@yopmail.com,worker
418,Emylee,Raffo,Emylee.Raffo@yopmail.com,developer
419,Theodora,Donoghue,Theodora.Donoghue@yopmail.com,developer
420,Kristina,Hieronymus,Kristina.Hieronymus@yopmail.com,doctor
421,Emilia,Kirstin,Emilia.Kirstin@yopmail.com,firefighter
422,Lynde,Mauer,Lynde.Mauer@yopmail.com,doctor
423,Liana,Isacco,Liana.Isacco@yopmail.com,worker
424,Elyssa,McLaughlin,Elyssa.McLaughlin@yopmail.com,doctor
425,Emylee,Cath,Emylee.Cath@yopmail.com,police officer
426,Xylina,Maribeth,Xylina.Maribeth@yopmail.com,developer
427,Sonni,Belanger,Sonni.Belanger@yopmail.com,worker
428,Veda,Wind,Veda.Wind@yopmail.com,doctor
429,Margette,Seessel,Margette.Seessel@yopmail.com,doctor
430,Dagmar,Francene,Dagmar.Francene@yopmail.com,police officer
431,Stacey,Eliathas,Stacey.Eliathas@yopmail.com,worker
432,Gloria,LaRue,Gloria.LaRue@yopmail.com,police officer
433,Ruthe,Sekofski,Ruthe.Sekofski@yopmail.com,firefighter
434,Dianemarie,Schwejda,Dianemarie.Schwejda@yopmail.com,worker
435,Aurelie,Joseph,Aurelie.Joseph@yopmail.com,firefighter
436,Alleen,Kinnard,Alleen.Kinnard@yopmail.com,firefighter
437,Cindelyn,Hutchison,Cindelyn.Hutchison@yopmail.com,doctor
438,Annaliese,Evvie,Annaliese.Evvie@yopmail.com,firefighter
439,Deloria,Faust,Deloria.Faust@yopmail.com,doctor
440,Elvira,Nelsen,Elvira.Nelsen@yopmail.com,firefighter
441,Antonietta,Chick,Antonietta.Chick@yopmail.com,firefighter
442,Althea,Robertson,Althea.Robertson@yopmail.com,developer
443,Jenda,Wadell,Jenda.Wadell@yopmail.com,police officer
444,Iseabal,Schalles,Iseabal.Schalles@yopmail.com,worker
445,Romona,Lacombe,Romona.Lacombe@yopmail.com,police officer
446,Roxane,Raychel,Roxane.Raychel@yopmail.com,doctor
447,Wilma,Damarra,Wilma.Damarra@yopmail.com,doctor
448,Winny,Miru,Winny.Miru@yopmail.com,police officer
449,Sarette,Markman,Sarette.Markman@yopmail.com,police officer
450,Carmela,Berne,Carmela.Berne@yopmail.com,doctor
451,Lulita,Korey,Lulita.Korey@yopmail.com,police officer
452,Chloris,Septima,Chloris.Septima@yopmail.com,worker
453,Nariko,Drus,Nariko.Drus@yopmail.com,developer
454,Di,Roscoe,Di.Roscoe@yopmail.com,police officer
455,Kristina,Vanni,Kristina.Vanni@yopmail.com,firefighter
456,Annaliese,Emanuel,Annaliese.Emanuel@yopmail.com,police officer
457,Sashenka,Fax,Sashenka.Fax@yopmail.com,doctor
458,Nadine,Rosette,Nadine.Rosette@yopmail.com,developer
459,Kristan,Barbey,Kristan.Barbey@yopmail.com,developer
460,Jordan,Edmund,Jordan.Edmund@yopmail.com,developer
461,Chloris,Fulmer,Chloris.Fulmer@yopmail.com,worker
462,Cacilie,Fontana,Cacilie.Fontana@yopmail.com,firefighter
463,Ketti,LaRue,Ketti.LaRue@yopmail.com,firefighter
464,Louella,Madelene,Louella.Madelene@yopmail.com,worker
465,Caressa,Rebecka,Caressa.Rebecka@yopmail.com,police officer
466,Dede,Delila,Dede.Delila@yopmail.com,police officer
467,Basia,Wu,Basia.Wu@yopmail.com,worker
468,Jenda,Ricki,Jenda.Ricki@yopmail.com,police officer
469,Nataline,Bivins,Nataline.Bivins@yopmail.com,firefighter
470,Ricky,Ochs,Ricky.Ochs@yopmail.com,doctor
471,Steffane,Maisey,Steffane.Maisey@yopmail.com,developer
472,Renie,Thunell,Renie.Thunell@yopmail.com,firefighter
473,Sissy,Whiffen,Sissy.Whiffen@yopmail.com,police officer
474,Aaren,Zenas,Aaren.Zenas@yopmail.com,firefighter
475,Iseabal,Rogerio,Iseabal.Rogerio@yopmail.com,police officer
476,Nananne,Gerge,Nananne.Gerge@yopmail.com,police officer
477,Suzette,Burnside,Suzette.Burnside@yopmail.com,worker
478,Fanny,Chobot,Fanny.Chobot@yopmail.com,developer
479,Fredericka,Kinnard,Fredericka.Kinnard@yopmail.com,developer
480,Lila,Kirstin,Lila.Kirstin@yopmail.com,police officer
481,Ardeen,Means,Ardeen.Means@yopmail.com,police officer
482,Miquela,Madaih,Miquela.Madaih@yopmail.com,police officer
483,Mariann,Seligman,Mariann.Seligman@yopmail.com,worker
484,Minda,Gordon,Minda.Gordon@yopmail.com,doctor
485,Kylynn,Therine,Kylynn.Therine@yopmail.com,doctor
486,Damaris,Tound,Damaris.Tound@yopmail.com,developer
487,Bernardine,Sheedy,Bernardine.Sheedy@yopmail.com,firefighter
488,Glenda,Sasnett,Glenda.Sasnett@yopmail.com,police officer
489,Leontine,Natica,Leontine.Natica@yopmail.com,developer
490,Sallie,Woodberry,Sallie.Woodberry@yopmail.com,developer
491,Myrtice,Karna,Myrtice.Karna@yopmail.com,developer
492,Gilligan,Santoro,Gilligan.Santoro@yopmail.com,developer
493,Renae,Dash,Renae.Dash@yopmail.com,worker
494,Antonietta,Carmena,Antonietta.Carmena@yopmail.com,police officer
495,Estell,Hewitt,Estell.Hewitt@yopmail.com,doctor
496,Tiffie,Vilma,Tiffie.Vilma@yopmail.com,police officer
497,Bill,Dominy,Bill.Dominy@yopmail.com,police officer
498,Chere,Amasa,Chere.Amasa@yopmail.com,worker
499,Tatiania,Ivens,Tatiania.Ivens@yopmail.com,police officer
500,Fredericka,Bibi,Fredericka.Bibi@yopmail.com,doctor
501,Nollie,Rooney,Nollie.Rooney@yopmail.com,firefighter
502,Benita,Knowling,Benita.Knowling@yopmail.com,developer
503,Phedra,Raychel,Phedra.Raychel@yopmail.com,developer
504,Rori,Bates,Rori.Bates@yopmail.com,developer
505,Lynde,Garek,Lynde.Garek@yopmail.com,worker
506,Tiffie,Giff,Tiffie.Giff@yopmail.com,developer
507,Althea,Helfand,Althea.Helfand@yopmail.com,developer
508,Christal,Stuart,Christal.Stuart@yopmail.com,police officer
509,Etta,Sallyann,Etta.Sallyann@yopmail.com,doctor
510,Asia,Shaver,Asia.Shaver@yopmail.com,developer
511,Aili,Ackerley,Aili.Ackerley@yopmail.com,firefighter
512,Katuscha,Isacco,Katuscha.Isacco@yopmail.com,firefighter
513,Stacey,Wiener,Stacey.Wiener@yopmail.com,worker
514,Dale,Candy,Dale.Candy@yopmail.com,worker
515,Alia,Cordi,Alia.Cordi@yopmail.com,firefighter
516,Tiffie,Imelida,Tiffie.Imelida@yopmail.com,firefighter
517,June,Stefa,June.Stefa@yopmail.com,worker
518,Riannon,Cleavland,Riannon.Cleavland@yopmail.com,firefighter
519,Rozele,Juan,Rozele.Juan@yopmail.com,police officer
520,Cyb,Greyson,Cyb.Greyson@yopmail.com,firefighter
521,Clo,Sasnett,Clo.Sasnett@yopmail.com,police officer
522,Deirdre,Markman,Deirdre.Markman@yopmail.com,worker
523,Iseabal,O'Neill,Iseabal.O'Neill@yopmail.com,developer
524,Fanchon,Helfand,Fanchon.Helfand@yopmail.com,worker
525,Tiffie,Nerita,Tiffie.Nerita@yopmail.com,police officer
526,Vanessa,Christine,Vanessa.Christine@yopmail.com,firefighter
527,Myriam,Felecia,Myriam.Felecia@yopmail.com,developer
528,Celene,Weide,Celene.Weide@yopmail.com,firefighter
529,Jacenta,Callista,Jacenta.Callista@yopmail.com,police officer
530,Beatriz,Joni,Beatriz.Joni@yopmail.com,firefighter
531,Annice,Connelly,Annice.Connelly@yopmail.com,police officer
532,Gianina,Sabella,Gianina.Sabella@yopmail.com,developer
533,Alex,Buttaro,Alex.Buttaro@yopmail.com,firefighter
534,Ardys,Borrell,Ardys.Borrell@yopmail.com,firefighter
535,Bettine,Eno,Bettine.Eno@yopmail.com,developer
536,Brandise,Wenoa,Brandise.Wenoa@yopmail.com,developer
537,Millie,Nedrud,Millie.Nedrud@yopmail.com,developer
538,Karina,Romelda,Karina.Romelda@yopmail.com,developer
539,Belinda,Sekofski,Belinda.Sekofski@yopmail.com,worker
540,Vanessa,Mata,Vanessa.Mata@yopmail.com,firefighter
541,Katuscha,Wooster,Katuscha.Wooster@yopmail.com,developer
542,Ana,My,Ana.My@yopmail.com,police officer
543,Lolita,Stephie,Lolita.Stephie@yopmail.com,worker
544,Danika,Ahab,Danika.Ahab@yopmail.com,firefighter
545,Bibby,Lissi,Bibby.Lissi@yopmail.com,firefighter
546,Alex,Naashom,Alex.Naashom@yopmail.com,firefighter
547,Sharai,Ephrem,Sharai.Ephrem@yopmail.com,police officer
548,Grier,Wiener,Grier.Wiener@yopmail.com,police officer
549,Zaria,Iiette,Zaria.Iiette@yopmail.com,doctor
550,Fanchon,Lauraine,Fanchon.Lauraine@yopmail.com,developer
551,Atlanta,Roche,Atlanta.Roche@yopmail.com,doctor
552,Aigneis,Thunell,Aigneis.Thunell@yopmail.com,police officer
553,Jinny,Jorgan,Jinny.Jorgan@yopmail.com,firefighter
554,Blinni,Haldas,Blinni.Haldas@yopmail.com,police officer
555,Henriette,Koziara,Henriette.Koziara@yopmail.com,developer
556,Ana,Dosia,Ana.Dosia@yopmail.com,police officer
557,Lynde,Grimbly,Lynde.Grimbly@yopmail.com,firefighter
558,Alia,Kaja,Alia.Kaja@yopmail.com,worker
559,Brena,Emmy,Brena.Emmy@yopmail.com,doctor
560,Malina,Llovera,Malina.Llovera@yopmail.com,firefighter
561,Monika,Ethban,Monika.Ethban@yopmail.com,police officer
562,Gianina,Agle,Gianina.Agle@yopmail.com,developer
563,Merci,Evangelia,Merci.Evangelia@yopmail.com,worker
564,Chloris,Kazimir,Chloris.Kazimir@yopmail.com,developer
565,Evita,Bow,Evita.Bow@yopmail.com,developer
566,Barbi,Linehan,Barbi.Linehan@yopmail.com,developer
567,Sharai,Rocray,Sharai.Rocray@yopmail.com,developer
568,Edith,Kimmie,Edith.Kimmie@yopmail.com,police officer
569,Flory,Screens,Flory.Screens@yopmail.com,developer
570,Leontine,Richers,Leontine.Richers@yopmail.com,police officer
571,Clary,Shaver,Clary.Shaver@yopmail.com,worker
572,Marnia,Shaddock,Marnia.Shaddock@yopmail.com,worker
573,Gwyneth,Wattenberg,Gwyneth.Wattenberg@yopmail.com,firefighter
574,Paule,Terencio,Paule.Terencio@yopmail.com,police officer
575,Johna,Stevy,Johna.Stevy@yopmail.com,worker
576,Christal,Read,Christal.Read@yopmail.com,developer
577,Sharai,Sigfrid,Sharai.Sigfrid@yopmail.com,police officer
578,Gilligan,Gaal,Gilligan.Gaal@yopmail.com,developer
579,Maisey,Belldas,Maisey.Belldas@yopmail.com,developer
580,Farrah,Cottle,Farrah.Cottle@yopmail.com,police officer
581,Rhoda,Gaal,Rhoda.Gaal@yopmail.com,developer
582,Tobe,Rustice,Tobe.Rustice@yopmail.com,worker
583,Letizia,Cleo,Letizia.Cleo@yopmail.com,firefighter
584,Kittie,Himelman,Kittie.Himelman@yopmail.com,firefighter
585,Jessy,Eiser,Jessy.Eiser@yopmail.com,police officer
586,Cherrita,Martguerita,Cherrita.Martguerita@yopmail.com,police officer
587,Queenie,Vittoria,Queenie.Vittoria@yopmail.com,firefighter
588,Harrietta,Rhu,Harrietta.Rhu@yopmail.com,firefighter
589,Arlina,Cohdwell,Arlina.Cohdwell@yopmail.com,doctor
590,Shaylyn,Rustice,Shaylyn.Rustice@yopmail.com,worker
591,Vanessa,McNully,Vanessa.McNully@yopmail.com,police officer
592,Dyann,Brieta,Dyann.Brieta@yopmail.com,firefighter
593,Caritta,Alva,Caritta.Alva@yopmail.com,firefighter
594,Cristine,Aprile,Cristine.Aprile@yopmail.com,doctor
595,Angelique,Alabaster,Angelique.Alabaster@yopmail.com,developer
596,Beatriz,Merna,Beatriz.Merna@yopmail.com,developer
597,Riannon,Lymann,Riannon.Lymann@yopmail.com,worker
598,Tressa,Baptlsta,Tressa.Baptlsta@yopmail.com,firefighter
599,Winny,Haerr,Winny.Haerr@yopmail.com,doctor
600,Helena,Arley,Helena.Arley@yopmail.com,developer
601,Vanessa,Rhu,Vanessa.Rhu@yopmail.com,police officer
602,Ardeen,Blisse,Ardeen.Blisse@yopmail.com,firefighter
603,Jemie,Chobot,Jemie.Chobot@yopmail.com,police officer
604,Phylis,Bergman,Phylis.Bergman@yopmail.com,firefighter
605,Binny,Matthew,Binny.Matthew@yopmail.com,police officer
606,Viki,Henebry,Viki.Henebry@yopmail.com,worker
607,Addia,Rossner,Addia.Rossner@yopmail.com,worker
608,Marcy,Serilda,Marcy.Serilda@yopmail.com,firefighter
609,Carmencita,Waite,Carmencita.Waite@yopmail.com,worker
610,Alia,Sothena,Alia.Sothena@yopmail.com,firefighter
611,Kellen,Swanhildas,Kellen.Swanhildas@yopmail.com,developer
612,Mireielle,Frendel,Mireielle.Frendel@yopmail.com,police officer
613,Codie,Wind,Codie.Wind@yopmail.com,doctor
614,Kirstin,Angelis,Kirstin.Angelis@yopmail.com,police officer
615,Linet,Lea,Linet.Lea@yopmail.com,police officer
616,Stevana,Amand,Stevana.Amand@yopmail.com,police officer
617,Jerry,Alabaster,Jerry.Alabaster@yopmail.com,firefighter
618,Lexine,Zuzana,Lexine.Zuzana@yopmail.com,police officer
619,Libbie,Bryna,Libbie.Bryna@yopmail.com,firefighter
620,Catrina,Baylor,Catrina.Baylor@yopmail.com,doctor
621,Fanny,Gibbeon,Fanny.Gibbeon@yopmail.com,doctor
622,Ayn,Marcellus,Ayn.Marcellus@yopmail.com,developer
623,Madeleine,Federica,Madeleine.Federica@yopmail.com,firefighter
624,Xylina,Emmaline,Xylina.Emmaline@yopmail.com,developer
625,Lacie,Stevy,Lacie.Stevy@yopmail.com,firefighter
626,Ethel,Medrek,Ethel.Medrek@yopmail.com,developer
627,Sibella,Maiah,Sibella.Maiah@yopmail.com,developer
628,Suzette,Christal,Suzette.Christal@yopmail.com,developer
629,Asia,Even,Asia.Even@yopmail.com,developer
630,Annora,Bethany,Annora.Bethany@yopmail.com,worker
631,Gwyneth,Wenoa,Gwyneth.Wenoa@yopmail.com,worker
632,Adele,Brieta,Adele.Brieta@yopmail.com,developer
633,Beatriz,Wilkinson,Beatriz.Wilkinson@yopmail.com,developer
634,Alie,Oster,Alie.Oster@yopmail.com,police officer
635,Margarette,Bashemeth,Margarette.Bashemeth@yopmail.com,doctor
636,Tami,Hartnett,Tami.Hartnett@yopmail.com,worker
637,Gavrielle,Edee,Gavrielle.Edee@yopmail.com,worker
638,Melisent,Wittie,Melisent.Wittie@yopmail.com,doctor
639,Cam,Dimitris,Cam.Dimitris@yopmail.com,developer
640,Margette,Swigart,Margette.Swigart@yopmail.com,police officer
641,Ricky,Quinn,Ricky.Quinn@yopmail.com,worker
642,Cordi,Gert,Cordi.Gert@yopmail.com,developer
643,Merry,Gualtiero,Merry.Gualtiero@yopmail.com,developer
644,Grier,Kylander,Grier.Kylander@yopmail.com,doctor
645,Phedra,Whiffen,Phedra.Whiffen@yopmail.com,doctor
646,Tina,Horan,Tina.Horan@yopmail.com,police officer
647,Bill,Afton,Bill.Afton@yopmail.com,developer
648,Camile,Docilla,Camile.Docilla@yopmail.com,police officer
649,Mamie,Alva,Mamie.Alva@yopmail.com,firefighter
650,Lisette,Travax,Lisette.Travax@yopmail.com,firefighter
651,Elie,Horan,Elie.Horan@yopmail.com,doctor
652,Stacey,Velick,Stacey.Velick@yopmail.com,developer
653,Kara-Lynn,Gillan,Kara-Lynn.Gillan@yopmail.com,developer
654,Elbertina,Gale,Elbertina.Gale@yopmail.com,doctor
655,Jorry,Giule,Jorry.Giule@yopmail.com,police officer
656,Jerry,McClimans,Jerry.McClimans@yopmail.com,firefighter
657,Merci,Friede,Merci.Friede@yopmail.com,developer
658,Nollie,Leffen,Nollie.Leffen@yopmail.com,firefighter
659,Meriel,Marisa,Meriel.Marisa@yopmail.com,police officer
660,Lizzie,Myrilla,Lizzie.Myrilla@yopmail.com,police officer
661,Beth,Ruvolo,Beth.Ruvolo@yopmail.com,police officer
662,Jolyn,Damarra,Jolyn.Damarra@yopmail.com,doctor
663,Cissiee,Leonard,Cissiee.Leonard@yopmail.com,developer
664,Teriann,Medrek,Teriann.Medrek@yopmail.com,police officer
665,Siana,Radu,Siana.Radu@yopmail.com,worker
666,Lucille,Leopold,Lucille.Leopold@yopmail.com,developer
667,Joleen,Ciapas,Joleen.Ciapas@yopmail.com,doctor
668,Alleen,Dash,Alleen.Dash@yopmail.com,developer
669,Celestyna,Janith,Celestyna.Janith@yopmail.com,doctor
670,Justinn,Sabella,Justinn.Sabella@yopmail.com,doctor
671,Eve,Pozzy,Eve.Pozzy@yopmail.com,worker
672,Ira,Maxi,Ira.Maxi@yopmail.com,police officer
673,Camile,Serilda,Camile.Serilda@yopmail.com,developer
674,Lenna,Woodberry,Lenna.Woodberry@yopmail.com,firefighter
675,Vanessa,Ovid,Vanessa.Ovid@yopmail.com,developer
676,Rubie,Reinke,Rubie.Reinke@yopmail.com,police officer
677,Gale,Ardra,Gale.Ardra@yopmail.com,worker
678,Judy,Breed,Judy.Breed@yopmail.com,doctor
679,Mignon,Cadmar,Mignon.Cadmar@yopmail.com,developer
680,Deane,Pettiford,Deane.Pettiford@yopmail.com,firefighter
681,Audrie,Lorenz,Audrie.Lorenz@yopmail.com,developer
682,Mireielle,Birdella,Mireielle.Birdella@yopmail.com,developer
683,Oona,Eliathas,Oona.Eliathas@yopmail.com,police officer
684,Dulce,Terrence,Dulce.Terrence@yopmail.com,firefighter
685,Maud,Donoghue,Maud.Donoghue@yopmail.com,firefighter
686,Barbi,Friede,Barbi.Friede@yopmail.com,worker
687,Sheree,Aprile,Sheree.Aprile@yopmail.com,police officer
688,Ericka,Carlson,Ericka.Carlson@yopmail.com,police officer
689,Doralynne,Genna,Doralynne.Genna@yopmail.com,police officer
690,Sindee,Vanni,Sindee.Vanni@yopmail.com,police officer
691,Vivia,Hollingsworth,Vivia.Hollingsworth@yopmail.com,worker
692,Netty,Bultman,Netty.Bultman@yopmail.com,doctor
693,Ada,Morehouse,Ada.Morehouse@yopmail.com,firefighter
694,Quintina,Fink,Quintina.Fink@yopmail.com,developer
695,Luci,Mandler,Luci.Mandler@yopmail.com,worker
696,Tatiania,Blase,Tatiania.Blase@yopmail.com,police officer
697,Doro,Greyson,Doro.Greyson@yopmail.com,worker
698,Rosanne,Japeth,Rosanne.Japeth@yopmail.com,doctor
699,Jolyn,Pillsbury,Jolyn.Pillsbury@yopmail.com,police officer
700,Micheline,Libna,Micheline.Libna@yopmail.com,worker
701,Bibby,Seagraves,Bibby.Seagraves@yopmail.com,worker
702,Ericka,Longfellow,Ericka.Longfellow@yopmail.com,police officer
703,Dode,Phyllis,Dode.Phyllis@yopmail.com,doctor
704,Fanchon,Colleen,Fanchon.Colleen@yopmail.com,worker
705,Krystle,Bow,Krystle.Bow@yopmail.com,doctor
706,Eve,Andrel,Eve.Andrel@yopmail.com,police officer
707,Jan,Frendel,Jan.Frendel@yopmail.com,worker
708,Dagmar,An,Dagmar.An@yopmail.com,police officer
709,Winifred,Dudley,Winifred.Dudley@yopmail.com,worker
710,Ricky,Lenny,Ricky.Lenny@yopmail.com,doctor
711,Deedee,Monaco,Deedee.Monaco@yopmail.com,developer
712,Kristan,Arne,Kristan.Arne@yopmail.com,developer
713,Lolita,Cath,Lolita.Cath@yopmail.com,firefighter
714,Christy,Peti,Christy.Peti@yopmail.com,doctor
715,Celisse,Aaberg,Celisse.Aaberg@yopmail.com,developer
716,Kalina,Bouchard,Kalina.Bouchard@yopmail.com,police officer
717,Maridel,Gregrory,Maridel.Gregrory@yopmail.com,developer
718,Gaylene,Vary,Gaylene.Vary@yopmail.com,worker
719,Joy,Moina,Joy.Moina@yopmail.com,developer
720,Konstance,Bartlett,Konstance.Bartlett@yopmail.com,firefighter
721,Brooks,Neils,Brooks.Neils@yopmail.com,police officer
722,Melisent,August,Melisent.August@yopmail.com,firefighter
723,Daune,Gerge,Daune.Gerge@yopmail.com,worker
724,Paulita,Aaberg,Paulita.Aaberg@yopmail.com,worker
725,Sallie,Jacobah,Sallie.Jacobah@yopmail.com,doctor
726,Quintina,Ivens,Quintina.Ivens@yopmail.com,worker
727,Hyacinthe,Swanhildas,Hyacinthe.Swanhildas@yopmail.com,police officer
728,Xylina,Mike,Xylina.Mike@yopmail.com,police officer
729,Adore,Anselmi,Adore.Anselmi@yopmail.com,worker
730,Claresta,Wittie,Claresta.Wittie@yopmail.com,doctor
731,Carree,Ezar,Carree.Ezar@yopmail.com,worker
732,Sonni,Sallyann,Sonni.Sallyann@yopmail.com,developer
733,Genovera,Creamer,Genovera.Creamer@yopmail.com,police officer
734,Adore,Woodberry,Adore.Woodberry@yopmail.com,firefighter
735,Lauryn,Gualtiero,Lauryn.Gualtiero@yopmail.com,worker
736,Perry,Avi,Perry.Avi@yopmail.com,police officer
737,Barbara,Auberbach,Barbara.Auberbach@yopmail.com,worker
738,Fanny,Fink,Fanny.Fink@yopmail.com,firefighter
739,Dawn,Talia,Dawn.Talia@yopmail.com,doctor
740,Jolyn,Boycey,Jolyn.Boycey@yopmail.com,worker
741,Wileen,Cavan,Wileen.Cavan@yopmail.com,worker
742,Collen,Lorenz,Collen.Lorenz@yopmail.com,police officer
743,Lacie,Burch,Lacie.Burch@yopmail.com,worker
744,Linet,Durware,Linet.Durware@yopmail.com,police officer
745,Catharine,Chick,Catharine.Chick@yopmail.com,developer
746,Nikki,Melleta,Nikki.Melleta@yopmail.com,doctor
747,Ursulina,Iiette,Ursulina.Iiette@yopmail.com,doctor
748,Katuscha,Payson,Katuscha.Payson@yopmail.com,doctor
749,Agnese,Westphal,Agnese.Westphal@yopmail.com,police officer
750,Dari,Old,Dari.Old@yopmail.com,police officer
751,Johna,Holtz,Johna.Holtz@yopmail.com,police officer
752,Fernande,Vharat,Fernande.Vharat@yopmail.com,doctor
753,Verla,Stelle,Verla.Stelle@yopmail.com,doctor
754,Camile,Si,Camile.Si@yopmail.com,developer
755,Georgetta,Maiah,Georgetta.Maiah@yopmail.com,doctor
756,Janey,Papageno,Janey.Papageno@yopmail.com,doctor
757,Kittie,Zamora,Kittie.Zamora@yopmail.com,developer
758,Ginnie,Maurine,Ginnie.Maurine@yopmail.com,worker
759,Chrystel,Atonsah,Chrystel.Atonsah@yopmail.com,firefighter
760,Ottilie,Olin,Ottilie.Olin@yopmail.com,worker
761,Cordi,Azeria,Cordi.Azeria@yopmail.com,doctor
762,Talya,Germann,Talya.Germann@yopmail.com,doctor
763,Beverley,Linskey,Beverley.Linskey@yopmail.com,police officer
764,Catharine,Manolo,Catharine.Manolo@yopmail.com,doctor
765,Lisette,Rhu,Lisette.Rhu@yopmail.com,developer
766,Lizzie,Joachim,Lizzie.Joachim@yopmail.com,doctor
767,Roxane,Orelee,Roxane.Orelee@yopmail.com,doctor
768,Keelia,Corabella,Keelia.Corabella@yopmail.com,police officer
769,Caryl,Dielu,Caryl.Dielu@yopmail.com,police officer
770,Chrystel,McLaughlin,Chrystel.McLaughlin@yopmail.com,doctor
771,Julieta,Jenness,Julieta.Jenness@yopmail.com,doctor
772,Mariele,Constancy,Mariele.Constancy@yopmail.com,developer
773,Esmeralda,Rocray,Esmeralda.Rocray@yopmail.com,developer
774,Correy,Cimbura,Correy.Cimbura@yopmail.com,police officer
775,Tabbatha,Tound,Tabbatha.Tound@yopmail.com,firefighter
776,Rozele,Seligman,Rozele.Seligman@yopmail.com,police officer
777,Tina,Ochs,Tina.Ochs@yopmail.com,police officer
778,Kittie,Poll,Kittie.Poll@yopmail.com,doctor
779,Collen,Nelsen,Collen.Nelsen@yopmail.com,firefighter
780,Renae,Hunfredo,Renae.Hunfredo@yopmail.com,police officer
781,Wilma,Zina,Wilma.Zina@yopmail.com,doctor
782,Dorthy,Rooney,Dorthy.Rooney@yopmail.com,police officer
783,Emelina,Lorenz,Emelina.Lorenz@yopmail.com,worker
784,Rebeca,Keily,Rebeca.Keily@yopmail.com,firefighter
785,Debee,Ariella,Debee.Ariella@yopmail.com,doctor
786,Karina,Macey,Karina.Macey@yopmail.com,police officer
787,Ayn,Zamora,Ayn.Zamora@yopmail.com,doctor
788,Verla,Bevin,Verla.Bevin@yopmail.com,developer
789,Siana,Ledah,Siana.Ledah@yopmail.com,doctor
790,Elie,Nadia,Elie.Nadia@yopmail.com,worker
791,Nerta,Rustice,Nerta.Rustice@yopmail.com,doctor
792,Debee,Denis,Debee.Denis@yopmail.com,police officer
793,Ernesta,Latini,Ernesta.Latini@yopmail.com,doctor
794,Latisha,Lail,Latisha.Lail@yopmail.com,developer
795,Carilyn,Vivle,Carilyn.Vivle@yopmail.com,firefighter
796,Allis,Mauer,Allis.Mauer@yopmail.com,developer
797,Viviene,Tamar,Viviene.Tamar@yopmail.com,doctor
798,Deane,Ball,Deane.Ball@yopmail.com,firefighter
799,Sybille,Ochs,Sybille.Ochs@yopmail.com,firefighter
800,Clementine,McNully,Clementine.McNully@yopmail.com,firefighter
801,Susette,Dorine,Susette.Dorine@yopmail.com,doctor
802,Vanessa,Carvey,Vanessa.Carvey@yopmail.com,police officer
803,Leona,Terrence,Leona.Terrence@yopmail.com,firefighter
804,Tilly,Lamoree,Tilly.Lamoree@yopmail.com,developer
805,Loree,Nedrud,Loree.Nedrud@yopmail.com,worker
806,Mureil,Firmin,Mureil.Firmin@yopmail.com,firefighter
807,Jennica,Emanuel,Jennica.Emanuel@yopmail.com,firefighter
808,Dione,Lemuela,Dione.Lemuela@yopmail.com,developer
809,Esmeralda,Daveta,Esmeralda.Daveta@yopmail.com,police officer
810,Nataline,Chinua,Nataline.Chinua@yopmail.com,doctor
811,Collen,Darbie,Collen.Darbie@yopmail.com,worker
812,Andeee,Barbey,Andeee.Barbey@yopmail.com,police officer
813,Ivett,Rebecka,Ivett.Rebecka@yopmail.com,firefighter
814,Christy,Juliet,Christy.Juliet@yopmail.com,police officer
815,Andeee,Donell,Andeee.Donell@yopmail.com,doctor
816,Arabel,Hurley,Arabel.Hurley@yopmail.com,worker
817,Margette,Nicoline,Margette.Nicoline@yopmail.com,firefighter
818,Monika,Baptlsta,Monika.Baptlsta@yopmail.com,police officer
819,Jennica,Taam,Jennica.Taam@yopmail.com,firefighter
820,Tori,Anton,Tori.Anton@yopmail.com,firefighter
821,Ivett,Kirbee,Ivett.Kirbee@yopmail.com,worker
822,Gabriellia,Ries,Gabriellia.Ries@yopmail.com,worker
823,Dagmar,Brunell,Dagmar.Brunell@yopmail.com,developer
824,Andeee,Lauraine,Andeee.Lauraine@yopmail.com,police officer
825,Courtnay,Ruvolo,Courtnay.Ruvolo@yopmail.com,worker
826,Theodora,Ledah,Theodora.Ledah@yopmail.com,doctor
827,Leia,Leffen,Leia.Leffen@yopmail.com,police officer
828,Calla,Amadas,Calla.Amadas@yopmail.com,developer
829,Misha,Christine,Misha.Christine@yopmail.com,firefighter
830,Jennica,Modie,Jennica.Modie@yopmail.com,developer
831,Daphne,Brunell,Daphne.Brunell@yopmail.com,worker
832,Josephine,Mintz,Josephine.Mintz@yopmail.com,worker
833,Elora,Sancho,Elora.Sancho@yopmail.com,police officer
834,Glynnis,Bouchard,Glynnis.Bouchard@yopmail.com,developer
835,Devina,Wind,Devina.Wind@yopmail.com,developer
836,Joy,Suk,Joy.Suk@yopmail.com,developer
837,Shaine,Lilybelle,Shaine.Lilybelle@yopmail.com,doctor
838,Charmaine,Stelle,Charmaine.Stelle@yopmail.com,doctor
839,Karolina,Laverne,Karolina.Laverne@yopmail.com,police officer
840,Deedee,Lorenz,Deedee.Lorenz@yopmail.com,police officer
841,Hermione,Lesley,Hermione.Lesley@yopmail.com,firefighter
842,Kathi,Girardo,Kathi.Girardo@yopmail.com,worker
843,Jorry,Colbert,Jorry.Colbert@yopmail.com,developer
844,Andree,Bach,Andree.Bach@yopmail.com,firefighter
845,Anthia,Sacken,Anthia.Sacken@yopmail.com,doctor
846,Oona,Nahum,Oona.Nahum@yopmail.com,firefighter
847,Brynna,Aloise,Brynna.Aloise@yopmail.com,worker
848,Tina,Nea,Tina.Nea@yopmail.com,worker
849,Netty,Kunin,Netty.Kunin@yopmail.com,firefighter
850,Dede,Dichy,Dede.Dichy@yopmail.com,developer
851,Barbara,Jillane,Barbara.Jillane@yopmail.com,police officer
852,Sallie,Fry,Sallie.Fry@yopmail.com,developer
853,Peri,Kevon,Peri.Kevon@yopmail.com,firefighter
854,Noelle,Donell,Noelle.Donell@yopmail.com,worker
855,Tori,Daegal,Tori.Daegal@yopmail.com,firefighter
856,Jere,Ade,Jere.Ade@yopmail.com,developer
857,Hettie,Gower,Hettie.Gower@yopmail.com,police officer
858,Linzy,Hull,Linzy.Hull@yopmail.com,police officer
859,Celestyna,Adore,Celestyna.Adore@yopmail.com,firefighter
860,Dotty,Niles,Dotty.Niles@yopmail.com,developer
861,Alie,Nikaniki,Alie.Nikaniki@yopmail.com,developer
862,Malina,Hedve,Malina.Hedve@yopmail.com,developer
863,Annecorinne,Sabella,Annecorinne.Sabella@yopmail.com,firefighter
864,Doro,Dowski,Doro.Dowski@yopmail.com,doctor
865,Anallese,Drus,Anallese.Drus@yopmail.com,firefighter
866,Brietta,Tufts,Brietta.Tufts@yopmail.com,doctor
867,Genovera,Karl,Genovera.Karl@yopmail.com,doctor
868,Libbie,Schlosser,Libbie.Schlosser@yopmail.com,doctor
869,Ursulina,Chandler,Ursulina.Chandler@yopmail.com,firefighter
870,Nita,Greyson,Nita.Greyson@yopmail.com,worker
871,Myrtice,Gerge,Myrtice.Gerge@yopmail.com,worker
872,Cassandra,Kirstin,Cassandra.Kirstin@yopmail.com,police officer
873,Maisey,Medrek,Maisey.Medrek@yopmail.com,worker
874,Wilma,Nerita,Wilma.Nerita@yopmail.com,doctor
875,Clementine,Rustice,Clementine.Rustice@yopmail.com,worker
876,Kial,Berriman,Kial.Berriman@yopmail.com,developer
877,Keelia,Idelia,Keelia.Idelia@yopmail.com,developer
878,Shirlee,Hull,Shirlee.Hull@yopmail.com,worker
879,Nessie,Emerson,Nessie.Emerson@yopmail.com,worker
880,Christy,Ax,Christy.Ax@yopmail.com,worker
881,Lynde,Arne,Lynde.Arne@yopmail.com,police officer
882,Lita,Lia,Lita.Lia@yopmail.com,firefighter
883,Lanae,Abbot,Lanae.Abbot@yopmail.com,doctor
884,Atlanta,Suzetta,Atlanta.Suzetta@yopmail.com,firefighter
885,Madeleine,Bennie,Madeleine.Bennie@yopmail.com,worker
886,Keelia,Arathorn,Keelia.Arathorn@yopmail.com,developer
887,Valeda,Cassius,Valeda.Cassius@yopmail.com,police officer
888,Annaliese,Eiser,Annaliese.Eiser@yopmail.com,doctor
889,Ricky,Aurelio,Ricky.Aurelio@yopmail.com,firefighter
890,Alejandra,Kolnick,Alejandra.Kolnick@yopmail.com,worker
891,Aurore,Jarib,Aurore.Jarib@yopmail.com,firefighter
892,Nelle,Frodi,Nelle.Frodi@yopmail.com,firefighter
893,Tybie,Brady,Tybie.Brady@yopmail.com,developer
894,Dominga,Eachern,Dominga.Eachern@yopmail.com,police officer
895,Oona,Audly,Oona.Audly@yopmail.com,police officer
896,Katuscha,Tremayne,Katuscha.Tremayne@yopmail.com,doctor
897,Elvira,Brieta,Elvira.Brieta@yopmail.com,worker
898,Yolane,Ashely,Yolane.Ashely@yopmail.com,doctor
899,Dennie,Louanna,Dennie.Louanna@yopmail.com,firefighter
900,Celene,Bergman,Celene.Bergman@yopmail.com,worker
901,Raf,Hutchison,Raf.Hutchison@yopmail.com,developer
902,Rozele,Hanleigh,Rozele.Hanleigh@yopmail.com,firefighter
903,Helsa,Niccolo,Helsa.Niccolo@yopmail.com,firefighter
904,Darci,Huggins,Darci.Huggins@yopmail.com,firefighter
905,Jenilee,Urias,Jenilee.Urias@yopmail.com,firefighter
906,Dorice,Jeanne,Dorice.Jeanne@yopmail.com,doctor
907,Dorothy,Malina,Dorothy.Malina@yopmail.com,developer
908,Hildegaard,Emanuel,Hildegaard.Emanuel@yopmail.com,doctor
909,Fanny,Georas,Fanny.Georas@yopmail.com,firefighter
910,Chickie,Aaberg,Chickie.Aaberg@yopmail.com,doctor
911,Alexine,Lalitta,Alexine.Lalitta@yopmail.com,doctor
912,Dulce,Lemuela,Dulce.Lemuela@yopmail.com,firefighter
913,Zsa Zsa,Slifka,Zsa Zsa.Slifka@yopmail.com,doctor
914,Caritta,Adalbert,Caritta.Adalbert@yopmail.com,police officer
915,Sean,Raul,Sean.Raul@yopmail.com,doctor
916,Abbie,Edison,Abbie.Edison@yopmail.com,police officer
917,Ida,Barbey,Ida.Barbey@yopmail.com,worker
918,Benita,Schlosser,Benita.Schlosser@yopmail.com,worker
919,Concettina,Laurianne,Concettina.Laurianne@yopmail.com,firefighter
920,Tori,Cosenza,Tori.Cosenza@yopmail.com,police officer
921,Johna,Seessel,Johna.Seessel@yopmail.com,doctor
922,Gale,Trace,Gale.Trace@yopmail.com,firefighter
923,Gale,Posner,Gale.Posner@yopmail.com,doctor
924,Rebeca,Annabella,Rebeca.Annabella@yopmail.com,firefighter
925,Dianemarie,Sandye,Dianemarie.Sandye@yopmail.com,police officer
926,Kial,Saunderson,Kial.Saunderson@yopmail.com,worker
927,Shel,Ulphia,Shel.Ulphia@yopmail.com,firefighter
928,Shel,Verger,Shel.Verger@yopmail.com,worker
929,Corry,Decato,Corry.Decato@yopmail.com,police officer
930,Juliane,Tamar,Juliane.Tamar@yopmail.com,doctor
931,Henriette,Hamil,Henriette.Hamil@yopmail.com,worker
932,Maisey,Adamsen,Maisey.Adamsen@yopmail.com,doctor
933,Jemie,Noam,Jemie.Noam@yopmail.com,doctor
934,Ada,Bennie,Ada.Bennie@yopmail.com,developer
935,Magdalena,Lorain,Magdalena.Lorain@yopmail.com,developer
936,Bertine,Audly,Bertine.Audly@yopmail.com,developer
937,Shel,Florina,Shel.Florina@yopmail.com,worker
938,Joy,Constancy,Joy.Constancy@yopmail.com,police officer
939,Mildrid,Roche,Mildrid.Roche@yopmail.com,police officer
940,Aurelie,Faria,Aurelie.Faria@yopmail.com,developer
941,Tina,Ade,Tina.Ade@yopmail.com,worker
942,Myriam,Presber,Myriam.Presber@yopmail.com,worker
943,Kirbee,Wattenberg,Kirbee.Wattenberg@yopmail.com,developer
944,Giustina,Sprage,Giustina.Sprage@yopmail.com,firefighter
945,Deedee,Autrey,Deedee.Autrey@yopmail.com,worker
946,Hollie,Zetta,Hollie.Zetta@yopmail.com,doctor
947,Almeta,Danby,Almeta.Danby@yopmail.com,police officer
948,Darci,Zaslow,Darci.Zaslow@yopmail.com,doctor
949,Constance,Tillford,Constance.Tillford@yopmail.com,developer
950,Pearline,Lasley,Pearline.Lasley@yopmail.com,developer
951,Shell,Olnee,Shell.Olnee@yopmail.com,developer
952,Orsola,Auberbach,Orsola.Auberbach@yopmail.com,doctor
953,Margette,Rooney,Margette.Rooney@yopmail.com,police officer
954,Maud,Duwalt,Maud.Duwalt@yopmail.com,developer
955,Dorice,Sabella,Dorice.Sabella@yopmail.com,doctor
956,Keelia,Iiette,Keelia.Iiette@yopmail.com,firefighter
957,Katleen,Pierette,Katleen.Pierette@yopmail.com,firefighter
958,Georgina,Maiah,Georgina.Maiah@yopmail.com,police officer
959,Tobe,Alva,Tobe.Alva@yopmail.com,worker
960,Gerianna,Marsden,Gerianna.Marsden@yopmail.com,firefighter
961,Sara-Ann,Chem,Sara-Ann.Chem@yopmail.com,developer
962,Calla,Ingra,Calla.Ingra@yopmail.com,firefighter
963,Yetty,Wolfgram,Yetty.Wolfgram@yopmail.com,developer
964,Cristine,Reidar,Cristine.Reidar@yopmail.com,police officer
965,Barbi,Wilkinson,Barbi.Wilkinson@yopmail.com,police officer
966,Daune,Greyson,Daune.Greyson@yopmail.com,developer
967,Constance,Goth,Constance.Goth@yopmail.com,doctor
968,Constance,Radu,Constance.Radu@yopmail.com,developer
969,Dorene,Loleta,Dorene.Loleta@yopmail.com,doctor
970,Ilse,Belldas,Ilse.Belldas@yopmail.com,worker
971,Susan,Kaete,Susan.Kaete@yopmail.com,firefighter
972,Lynde,Wilkinson,Lynde.Wilkinson@yopmail.com,firefighter
973,Alyda,Callista,Alyda.Callista@yopmail.com,worker
974,Sibella,Ophelia,Sibella.Ophelia@yopmail.com,firefighter
975,Monika,Kunin,Monika.Kunin@yopmail.com,doctor
976,Anestassia,Gladstone,Anestassia.Gladstone@yopmail.com,developer
977,Kellen,Cimbura,Kellen.Cimbura@yopmail.com,firefighter
978,Jacenta,Ethban,Jacenta.Ethban@yopmail.com,worker
979,Charissa,Grobe,Charissa.Grobe@yopmail.com,developer
980,Stacey,Nunci,Stacey.Nunci@yopmail.com,doctor
981,Averyl,Federica,Averyl.Federica@yopmail.com,police officer
982,Lacie,Linskey,Lacie.Linskey@yopmail.com,developer
983,Lonnie,Drus,Lonnie.Drus@yopmail.com,firefighter
984,Katleen,McAdams,Katleen.McAdams@yopmail.com,doctor
985,Jorry,Kosey,Jorry.Kosey@yopmail.com,worker
986,Nanete,Ochs,Nanete.Ochs@yopmail.com,doctor
987,Lexine,Sisile,Lexine.Sisile@yopmail.com,doctor
988,Renae,Sawtelle,Renae.Sawtelle@yopmail.com,developer
989,Lisette,Elsinore,Lisette.Elsinore@yopmail.com,doctor
990,Therine,Raul,Therine.Raul@yopmail.com,developer
991,Jan,Amadas,Jan.Amadas@yopmail.com,doctor
992,Glynnis,Ventre,Glynnis.Ventre@yopmail.com,worker
993,Madelle,Irmine,Madelle.Irmine@yopmail.com,police officer
994,Di,Faust,Di.Faust@yopmail.com,police officer
995,Betta,Serilda,Betta.Serilda@yopmail.com,firefighter
996,Nollie,Aprile,Nollie.Aprile@yopmail.com,developer
997,Catharine,Gusella,Catharine.Gusella@yopmail.com,developer
998,Coral,Jagir,Coral.Jagir@yopmail.com,doctor
999,Ann-Marie,Rebecka,Ann-Marie.Rebecka@yopmail.com,firefighter
1000,Andree,Bashemeth,Andree.Bashemeth@yopmail.com,developer
1001,Rosaline,Leifeste,Rosaline.Leifeste@yopmail.com,police officer
1002,Misha,Kolnick,Misha.Kolnick@yopmail.com,developer
1003,Talya,Mike,Talya.Mike@yopmail.com,firefighter
1004,Marika,Khorma,Marika.Khorma@yopmail.com,worker
1005,Beverley,Franza,Beverley.Franza@yopmail.com,doctor
1006,Nollie,Giff,Nollie.Giff@yopmail.com,worker
1007,Renae,Lytton,Renae.Lytton@yopmail.com,doctor
1008,Tiffie,Melan,Tiffie.Melan@yopmail.com,worker
1009,Caritta,Reinke,Caritta.Reinke@yopmail.com,firefighter
1010,Shandie,Hessler,Shandie.Hessler@yopmail.com,firefighter
1011,Sabina,Elbertina,Sabina.Elbertina@yopmail.com,developer
1012,Dania,Yate,Dania.Yate@yopmail.com,firefighter
1013,Gavrielle,Naashom,Gavrielle.Naashom@yopmail.com,firefighter
1014,Lolita,Seessel,Lolita.Seessel@yopmail.com,firefighter
1015,Joceline,Zeeba,Joceline.Zeeba@yopmail.com,firefighter
1016,Tilly,Goldina,Tilly.Goldina@yopmail.com,police officer
1017,Elvira,Merriott,Elvira.Merriott@yopmail.com,doctor
1018,Sissy,Denis,Sissy.Denis@yopmail.com,police officer
1019,Renae,Horan,Renae.Horan@yopmail.com,developer
1020,Lucy,Aaberg,Lucy.Aaberg@yopmail.com,firefighter
1021,Janeczka,Dorothy,Janeczka.Dorothy@yopmail.com,developer
1022,Georgina,Beniamino,Georgina.Beniamino@yopmail.com,developer
1023,Imojean,Bronk,Imojean.Bronk@yopmail.com,firefighter
1024,Ottilie,Aldric,Ottilie.Aldric@yopmail.com,worker
1025,Mahalia,Vorster,Mahalia.Vorster@yopmail.com,police officer
1026,Dede,Sallyann,Dede.Sallyann@yopmail.com,worker
1027,Anthia,Anastatius,Anthia.Anastatius@yopmail.com,police officer
1028,Olivette,Bearnard,Olivette.Bearnard@yopmail.com,firefighter
1029,Raquela,Modie,Raquela.Modie@yopmail.com,police officer
1030,Joelly,Eno,Joelly.Eno@yopmail.com,doctor
1031,Beatriz,Raul,Beatriz.Raul@yopmail.com,police officer
1032,Merry,Hamil,Merry.Hamil@yopmail.com,police officer
1033,Madalyn,Minetta,Madalyn.Minetta@yopmail.com,developer
1034,Inga,Lay,Inga.Lay@yopmail.com,doctor
1035,Sabina,Camden,Sabina.Camden@yopmail.com,worker
1036,Courtnay,Douglass,Courtnay.Douglass@yopmail.com,doctor
1037,Minda,Schwejda,Minda.Schwejda@yopmail.com,doctor
1038,Jere,Yam,Jere.Yam@yopmail.com,worker
1039,Elyssa,Madaih,Elyssa.Madaih@yopmail.com,firefighter
1040,Marylou,Rossner,Marylou.Rossner@yopmail.com,firefighter
1041,Mellicent,Danby,Mellicent.Danby@yopmail.com,firefighter
1042,Katuscha,Prober,Katuscha.Prober@yopmail.com,firefighter
1043,Paule,Lucienne,Paule.Lucienne@yopmail.com,doctor
1044,Cyb,Drisko,Cyb.Drisko@yopmail.com,developer
1045,Valli,Kalinda,Valli.Kalinda@yopmail.com,police officer
1046,Frank,Gino,Frank.Gino@yopmail.com,firefighter
1047,Minne,Dichy,Minne.Dichy@yopmail.com,firefighter
1048,Correy,Libna,Correy.Libna@yopmail.com,doctor
1049,Barbi,Billye,Barbi.Billye@yopmail.com,police officer
1050,Shaylyn,Pierette,Shaylyn.Pierette@yopmail.com,developer
1051,Nonnah,Bari,Nonnah.Bari@yopmail.com,firefighter
1052,Nataline,Kat,Nataline.Kat@yopmail.com,doctor
1053,Jany,Fontana,Jany.Fontana@yopmail.com,police officer
1054,Dawn,Barney,Dawn.Barney@yopmail.com,police officer
1055,Glynnis,Flita,Glynnis.Flita@yopmail.com,worker
1056,Celisse,Lowry,Celisse.Lowry@yopmail.com,worker
1057,Blinni,Pernick,Blinni.Pernick@yopmail.com,developer
1058,Mellicent,Sherrie,Mellicent.Sherrie@yopmail.com,firefighter
1059,Di,Bigner,Di.Bigner@yopmail.com,firefighter
1060,Bobinette,Bandeen,Bobinette.Bandeen@yopmail.com,doctor
1061,Verla,Johanna,Verla.Johanna@yopmail.com,worker
1062,Arlena,Whiffen,Arlena.Whiffen@yopmail.com,worker
1063,Andree,Pandolfi,Andree.Pandolfi@yopmail.com,doctor
1064,Joy,Felizio,Joy.Felizio@yopmail.com,developer
1065,Lily,Percy,Lily.Percy@yopmail.com,doctor
1066,Valeda,Kazimir,Valeda.Kazimir@yopmail.com,developer
1067,Suzette,Adlare,Suzette.Adlare@yopmail.com,developer
1068,Rori,Longfellow,Rori.Longfellow@yopmail.com,developer
1069,Alleen,Florina,Alleen.Florina@yopmail.com,developer
1070,Concettina,Presber,Concettina.Presber@yopmail.com,firefighter
1071,Ronna,Vharat,Ronna.Vharat@yopmail.com,doctor
1072,Bertine,Strephon,Bertine.Strephon@yopmail.com,police officer
1073,Britni,Jammal,Britni.Jammal@yopmail.com,doctor
1074,Renie,Lia,Renie.Lia@yopmail.com,doctor
1075,Morganica,Lasley,Morganica.Lasley@yopmail.com,police officer
1076,Lucille,Chobot,Lucille.Chobot@yopmail.com,worker
1077,Loree,Nunci,Loree.Nunci@yopmail.com,developer
1078,Carmela,Jerald,Carmela.Jerald@yopmail.com,worker
1079,Olivette,Zenas,Olivette.Zenas@yopmail.com,police officer
1080,Deirdre,Liva,Deirdre.Liva@yopmail.com,developer
1081,Gui,Etom,Gui.Etom@yopmail.com,doctor
1082,Millie,Miru,Millie.Miru@yopmail.com,doctor
1083,Bertine,Brian,Bertine.Brian@yopmail.com,police officer
1084,Celene,Erskine,Celene.Erskine@yopmail.com,developer
1085,Diena,Plato,Diena.Plato@yopmail.com,firefighter
1086,Joeann,Manolo,Joeann.Manolo@yopmail.com,police officer
1087,Rosabelle,Erich,Rosabelle.Erich@yopmail.com,firefighter
1088,Aigneis,Buttaro,Aigneis.Buttaro@yopmail.com,firefighter
1089,Feliza,Clara,Feliza.Clara@yopmail.com,developer
1090,Trixi,Beebe,Trixi.Beebe@yopmail.com,worker
1091,Kamilah,Libna,Kamilah.Libna@yopmail.com,police officer
1092,Dagmar,Vharat,Dagmar.Vharat@yopmail.com,worker
1093,Mamie,Heisel,Mamie.Heisel@yopmail.com,police officer
1094,Ashlee,Clywd,Ashlee.Clywd@yopmail.com,worker
1095,Mireielle,Natica,Mireielle.Natica@yopmail.com,doctor
1096,Jan,Melan,Jan.Melan@yopmail.com,firefighter
1097,Julieta,Claudine,Julieta.Claudine@yopmail.com,developer
1098,Meg,Lemuela,Meg.Lemuela@yopmail.com,worker
1099,Sissy,O'Carroll,Sissy.O'Carroll@yopmail.com,developer